Timestamp,UserID,Event Name,UUID,Param/player,Param/event,Param/initialRotationAngle,Param/totalAngleTraversed,Param/proportionalForce,Param/position,Param/rotation
11/11/2024 14:23:22,NULL,WeaponAimed,6aae1e5a8be19996812e7405b3f9f719,Player2,WeaponAimed,0,,,,
11/11/2024 14:23:22,NULL,WeaponAimed,6aae1e5a8be19996812e7405b3f9f719,Player2,WeaponAimed,-4.93042,,,,
11/11/2024 14:23:23,NULL,WeaponAimed,4e329bc52bfeccf0c0f4bc16855e6d0f,Player2,WeaponAimed,1.48731709,,,,
11/11/2024 14:23:23,NULL,WeaponAimed,4e329bc52bfeccf0c0f4bc16855e6d0f,Player2,WeaponAimed,3.348458,,,,
11/11/2024 14:23:23,NULL,WeaponAimed,4e329bc52bfeccf0c0f4bc16855e6d0f,Player2,WeaponAimed,10.8459978,,,,
18/11/2024 13:01:13,NULL,WeaponAimed,163348e80617cc31fa247dbfe816d8c2,Player1,WeaponAimed,0,,,,
18/11/2024 13:01:14,NULL,WeaponAimed,36286f5cdd8f2201294c8c9a4b838287,Player1,WeaponAimed,-52.8307724,,,,
18/11/2024 13:01:14,NULL,WeaponAimed,36286f5cdd8f2201294c8c9a4b838287,Player1,WeaponAimed,3.052811,,,,
18/11/2024 13:01:15,NULL,WeaponAimed,fed1d945b6087ad6abc836a815d0a711,Player1,WeaponAimed,-28.8240871,,,,
18/11/2024 13:01:16,NULL,WeaponAimed,830c6e145cafbb45b543fb5ca1286e66,Player1,WeaponAimed,20.7513027,,,,
18/11/2024 13:01:17,NULL,WeaponAimed,d485386b6194e590c8869c7d003e9b4f,Player1,WeaponAimed,-11.2663984,,,,
18/11/2024 13:01:19,NULL,WeaponAimed,afe58d39c0d9a843e9eb2382f8d56247,Player1,WeaponAimed,-46.5195961,,,,
18/11/2024 13:01:20,NULL,WeaponAimed,f03b499e725bbe0585daf074e2aaad10,Player1,WeaponAimed,23.8783932,,,,
18/11/2024 13:01:20,NULL,WeaponAimed,f03b499e725bbe0585daf074e2aaad10,Player1,WeaponAimed,-22.5578842,,,,
18/11/2024 13:01:21,NULL,WeaponAimed,450475254e335b082448402abf17464e,Player1,WeaponAimed,15.9307928,,,,
18/11/2024 13:05:21,NULL,WeaponAimed,4ac7e87db9e59efd7d6d486aac1e365d,Player1,WeaponAimed,0,,,,
18/11/2024 13:05:22,NULL,EndTorqueApplied,0936227a065908322934ef8ca298d4b4,Player1,EndTorqueApplied,,70,3,,
18/11/2024 13:05:23,NULL,WeaponAimed,3fc418b9f49b202d093157c516af7514,Player1,WeaponAimed,-70,,,,
18/11/2024 13:05:23,NULL,EndTorqueApplied,e399d8feb2eecbeb3893db0bde3943a4,Player1,EndTorqueApplied,,140,6,,
18/11/2024 13:05:24,NULL,WeaponAimed,4c06e1fa40a5f3ad4d52cc13580e4ee3,Player1,WeaponAimed,70,,,,
18/11/2024 13:05:25,NULL,WeaponAimed,c57df895433684ce0fd712e1c1ccf5ed,Player1,WeaponAimed,21.9490681,,,,
18/11/2024 13:05:26,NULL,EndTorqueApplied,7f98e301769e4b7c0da7a075c6cef81c,Player1,EndTorqueApplied,,48.0509338,2.0593257,,
18/11/2024 13:05:26,NULL,WeaponAimed,38393ccad7ccb94567c1039d39a01033,Player1,WeaponAimed,70,,,,
18/11/2024 13:05:27,NULL,EndTorqueApplied,c8a974f1b941c3ea38bc2b7e0f8e6032,Player1,EndTorqueApplied,,140,6,,
18/11/2024 13:05:28,NULL,WeaponAimed,adc75945b098bdc9d4fef3792945b4e2,Player1,WeaponAimed,-70,,,,
18/11/2024 13:05:28,NULL,WeaponAimed,adc75945b098bdc9d4fef3792945b4e2,Player1,WeaponAimed,-10.9654837,,,,
18/11/2024 13:05:29,NULL,EndTorqueApplied,01e2f706b3dacc820fe8531c71ad27b6,Player1,EndTorqueApplied,,59.0345154,2.53005075,,
18/11/2024 13:05:29,NULL,WeaponAimed,25168363849e80a4134d725af5e7c96a,Player1,WeaponAimed,-70,,,,
18/11/2024 13:06:25,NULL,WeaponAimed,d08fda2ef1e8684b31e2ce2807672bae,Player1,WeaponAimed,0,,,,
18/11/2024 13:06:25,NULL,WeaponAimed,d08fda2ef1e8684b31e2ce2807672bae,Player1,WeaponAimed,-46.6816444,,,,
18/11/2024 13:06:26,NULL,EndTorqueApplied,0aaada51fb174a9e9020bb3b17b5b76b,Player1,EndTorqueApplied,,116.681641,5.000642,,
18/11/2024 13:06:26,NULL,WeaponAimed,ab1ce48043cb7b8edbbb8a0b99944493,Player1,WeaponAimed,70,,,,
18/11/2024 13:06:27,NULL,EndTorqueApplied,685b8cc92da2d49d5cc7fca4f6183424,Player1,EndTorqueApplied,,140,6,,
18/11/2024 13:06:28,NULL,WeaponAimed,39d9ef495dd1467dffaa97dcf1d13029,Player1,WeaponAimed,-70,,,,
18/11/2024 13:06:28,NULL,EndTorqueApplied,6f64a847452bdeeb66cccc7b7d558f37,Player1,EndTorqueApplied,,0,0,,
18/11/2024 13:08:06,NULL,WeaponAimed,f6f6091543369736ae32a9550c465143,Player1,WeaponAimed,0,,,,
18/11/2024 13:08:06,NULL,EndTorqueApplied,d1d48edd29a3f8f45ede6bf702757e23,Player1,EndTorqueApplied,,70,3,,
18/11/2024 13:08:07,NULL,WeaponAimed,023a0e6cda21ac205b865b02e9a8c32c,Player1,WeaponAimed,-70,,,,
18/11/2024 13:08:08,NULL,WeaponAimed,98d167f2c57546e033a969f7ecfff62b,Player1,WeaponAimed,-9.263826,,,,
18/11/2024 13:08:09,NULL,WeaponAimed,2e481da1ff278700258fd0a8f5347c98,Player1,WeaponAimed,32.4571381,,,,
18/11/2024 13:08:09,NULL,WeaponAimed,2e481da1ff278700258fd0a8f5347c98,Player1,WeaponAimed,-31.7580585,,,,
18/11/2024 13:08:10,NULL,EndTorqueApplied,16bc4d779dfc2290f4c54e32e2c610e5,Player1,EndTorqueApplied,,101.758057,4.36105967,,
18/11/2024 13:08:11,NULL,WeaponAimed,2baeedd19e51aa6e7652e8bb43a8feb0,Player1,WeaponAimed,70,,,,
18/11/2024 13:08:11,NULL,EndTorqueApplied,e7a7622fb76ac9f293628bf7f480b754,Player1,EndTorqueApplied,,140,6,,
18/11/2024 13:08:13,NULL,WeaponAimed,dce8ba5bb5b2aecf664e89e3600086e8,Player1,WeaponAimed,-70,,,,
18/11/2024 13:08:13,NULL,WeaponAimed,dce8ba5bb5b2aecf664e89e3600086e8,Player1,WeaponAimed,-17.35482,,,,
18/11/2024 13:08:14,NULL,WeaponAimed,227e2b055ebe4d5fd7714b29da65d756,Player1,WeaponAimed,16.2602978,,,,
18/11/2024 13:08:15,NULL,WeaponAimed,e53bcd367e7c6ee6ae41c1366bc181de,Player1,WeaponAimed,-25.166935,,,,
18/11/2024 13:08:16,NULL,WeaponAimed,d9df5f3699c5be98a652f01a6b9e857a,Player1,WeaponAimed,0.529585361,,,,
18/11/2024 13:08:18,NULL,WeaponAimed,239d212839f98aa6b55a9c7886a0c1fd,Player1,WeaponAimed,34.259304,,,,
18/11/2024 13:08:19,NULL,WeaponAimed,f636f1d1fdca07e131bbd7a2626ed968,Player1,WeaponAimed,-7.421615,,,,
18/11/2024 13:08:22,NULL,WeaponAimed,e7cdee66817e281cb1eb4e0d2245cb1a,Player1,WeaponAimed,-47.3482971,,,,
18/11/2024 13:08:24,NULL,WeaponAimed,4a92de4e0a7a964ba9f9f8a100f69ede,Player1,WeaponAimed,-5.81484,,,,
18/11/2024 13:08:25,NULL,WeaponAimed,3834ee60ff6469cfe5017fe4cc1d9b60,Player1,WeaponAimed,-24.8617439,,,,
18/11/2024 13:08:25,NULL,EndTorqueApplied,9d6c2c863324dab24c90976a9ec55f6e,Player1,EndTorqueApplied,,94.86174,4.065503,,
18/11/2024 13:08:26,NULL,WeaponAimed,e7fce9e6727eaa667df98fcc707686cd,Player1,WeaponAimed,70,,,,
18/11/2024 13:08:30,NULL,WeaponAimed,5e272554c78c9fb83b934f5f28f2eedc,Player1,WeaponAimed,10.8071213,,,,
18/11/2024 13:08:31,NULL,WeaponAimed,d940bd73acad8dbcab472e64c3b4afe4,Player1,WeaponAimed,49.25756,,,,
18/11/2024 13:08:36,NULL,WeaponAimed,6007124c3b5f5dee6359cf2b1665680c,Player1,WeaponAimed,-18.0908165,,,,
18/11/2024 13:08:36,NULL,EndTorqueApplied,440841ca3837d11db7ba1b31575fb08d,Player1,EndTorqueApplied,,51.9091835,2.22467923,,
18/11/2024 13:08:37,NULL,WeaponAimed,501c97f3dff8a9b4baa20ad194e7e65b,Player1,WeaponAimed,-70,,,,
18/11/2024 13:08:37,NULL,WeaponAimed,501c97f3dff8a9b4baa20ad194e7e65b,Player1,WeaponAimed,-30.09093,,,,
18/11/2024 13:08:38,NULL,EndTorqueApplied,2984e61d9848d93409cf078088011ef2,Player1,EndTorqueApplied,,39.90907,1.71038866,,
18/11/2024 13:08:39,NULL,WeaponAimed,f8d60d93ef671905e1ab03aa72bafd02,Player1,WeaponAimed,-70,,,,
18/11/2024 13:08:39,NULL,WeaponAimed,f8d60d93ef671905e1ab03aa72bafd02,Player1,WeaponAimed,8.235211,,,,
18/11/2024 13:08:40,NULL,EndTorqueApplied,cfc18ae13c6411391c2e3021e5c50cf1,Player1,EndTorqueApplied,,78.2352142,3.3529377,,
18/11/2024 13:08:41,NULL,WeaponAimed,e2eb2ebfcdaa6286e05fb796b1105be7,Player1,WeaponAimed,-70,,,,
18/11/2024 13:08:42,NULL,WeaponAimed,d6ce5f413928948ebb328def5ab85874,Player1,WeaponAimed,-1.20743954,,,,
18/11/2024 13:08:42,NULL,EndTorqueApplied,1da5dedca70822138cb4dbc445432efa,Player1,EndTorqueApplied,,71.20744,3.05174756,,
18/11/2024 13:08:44,NULL,WeaponAimed,756bdf8cecb3f55b5ad6a1243b33eadd,Player1,WeaponAimed,70,,,,
18/11/2024 13:08:44,NULL,WeaponAimed,756bdf8cecb3f55b5ad6a1243b33eadd,Player1,WeaponAimed,21.9646149,,,,
18/11/2024 13:08:44,NULL,EndTorqueApplied,cd8b8abe791d5581a6d51a534fb639f3,Player1,EndTorqueApplied,,48.0353851,2.05865932,,
18/11/2024 13:08:45,NULL,WeaponAimed,6cb00ccbb2bdd930642f482f494a4451,Player1,WeaponAimed,70,,,,
18/11/2024 13:11:17,NULL,WeaponAimed,6ef1bcfdae70db898f4cf5402e35ec31,Player1,WeaponAimed,0,,,,
18/11/2024 13:11:17,NULL,WeaponAimed,6ef1bcfdae70db898f4cf5402e35ec31,Player1,WeaponAimed,-67.16911,,,,
18/11/2024 13:11:18,NULL,WeaponAimed,9d6cd48cac32f395aeb7caaf117c9a7c,Player1,WeaponAimed,36.7726974,,,,
18/11/2024 13:11:19,NULL,WeaponAimed,c70df26caadef95a4c7dd0e37929c26f,Player1,WeaponAimed,-1.90446568,,,,
18/11/2024 13:11:20,NULL,WeaponAimed,2fb6ea75d5c775d67a669f4ad218b207,Player1,WeaponAimed,50.8127975,,,,
18/11/2024 13:11:20,NULL,EndTorqueApplied,62a2a42de7c0a9a03f78730e20067908,Player1,EndTorqueApplied,,120.8128,5.17769146,,
18/11/2024 13:11:21,NULL,WeaponAimed,63aab14d457930ef9593e0758293181f,Player1,WeaponAimed,-70,,,,
18/11/2024 13:11:22,NULL,WeaponAimed,b5946a2683db2be3fd52a10f2bc183a3,Player1,WeaponAimed,45.0958138,,,,
18/11/2024 13:11:22,NULL,EndTorqueApplied,363b7953bcacab510f16616121900bc5,Player1,EndTorqueApplied,,24.9041862,1.06732225,,
18/11/2024 13:11:23,NULL,WeaponAimed,12baebc9de47a45281c72bd49aeb58af,Player1,WeaponAimed,70,,,,
18/11/2024 13:11:23,NULL,WeaponAimed,12baebc9de47a45281c72bd49aeb58af,Player1,WeaponAimed,34.72831,,,,
18/11/2024 13:11:24,NULL,EndTorqueApplied,dc917c4d568fcbef29dc9b314a8188da,Player1,EndTorqueApplied,,35.27169,1.51164389,,
18/11/2024 13:11:24,NULL,WeaponAimed,3a946a2dfde1920397f9d57f23270e10,Player1,WeaponAimed,70,,,,
18/11/2024 13:11:25,NULL,WeaponAimed,6c247972266a3b30768a91119e0eabaf,Player1,WeaponAimed,-3.56822658,,,,
18/11/2024 13:11:25,NULL,EndTorqueApplied,2a7981b1c2973d1324b6518f2b3d812b,Player1,EndTorqueApplied,,73.56823,3.152924,,
18/11/2024 13:11:25,NULL,WeaponAimed,6c247972266a3b30768a91119e0eabaf,Player1,WeaponAimed,70,,,,
18/11/2024 13:11:28,NULL,WeaponAimed,9daad5eb81bc49bedb3aedf9ce154803,Player1,WeaponAimed,-2.02502847,,,,
18/11/2024 13:12:50,NULL,WeaponAimed,279dc83e86cd7733df086d513f99c203,Player1,WeaponAimed,0,,,,
18/11/2024 13:12:50,NULL,EndTorqueApplied,3b4fb1c89b294aacd3c3de48923aac80,Player1,EndTorqueApplied,,60,3,,
18/11/2024 13:12:52,NULL,WeaponAimed,4ea07eebf681f5b727efc0eee315dc88,Player1,WeaponAimed,-60,,,,
18/11/2024 13:12:52,NULL,EndTorqueApplied,1d9c1a7271d532540edf3091c9f6bafb,Player1,EndTorqueApplied,,120,6,,
18/11/2024 13:12:53,NULL,WeaponAimed,23b37403938027168e490cc3d7daadd4,Player1,WeaponAimed,60,,,,
18/11/2024 13:12:54,NULL,WeaponAimed,6b7e675187d9d09980b436ecc43e6b71,Player1,WeaponAimed,-18.18975,,,,
18/11/2024 13:12:54,NULL,EndTorqueApplied,1612244d885d4aaeffa541cbb0bd029f,Player1,EndTorqueApplied,,41.81025,2.09051251,,
18/11/2024 13:12:55,NULL,WeaponAimed,5d1cf923317524b49db03cff21bbe273,Player1,WeaponAimed,-60,,,,
18/11/2024 13:12:55,NULL,EndTorqueApplied,e2d7788669489cbae7c7ee755af50bae,Player1,EndTorqueApplied,,120,6,,
18/11/2024 13:12:56,NULL,WeaponAimed,39c55b768c47b1741ed51bf6fad53177,Player1,WeaponAimed,60,,,,
18/11/2024 13:12:57,NULL,WeaponAimed,bc82591cb12b45cdb5e5dd6b67695a32,Player1,WeaponAimed,26.3884945,,,,
18/11/2024 13:12:58,NULL,WeaponAimed,cdc9482c0c688a7e0176b27deae9e8a6,Player1,WeaponAimed,-13.6332664,,,,
18/11/2024 13:12:58,NULL,EndTorqueApplied,e9cf07ba9adf8f059b860377d5c38512,Player1,EndTorqueApplied,,46.3667336,2.31833673,,
18/11/2024 13:12:58,NULL,WeaponAimed,cdc9482c0c688a7e0176b27deae9e8a6,Player1,WeaponAimed,-60,,,,
18/11/2024 13:12:59,NULL,WeaponAimed,4c675c510f03c07fa351cd1f4b3205b7,Player1,WeaponAimed,-0.682035863,,,,
18/11/2024 13:12:59,NULL,EndTorqueApplied,4d93aba0c35ae14f825ed48f859da520,Player1,EndTorqueApplied,,59.3179626,2.965898,,
18/11/2024 13:13:01,NULL,WeaponAimed,9a7fe530446420e7f91533746cd0605f,Player1,WeaponAimed,-60,,,,
18/11/2024 13:13:02,NULL,WeaponAimed,97719798c30f7fd9d711ebacca789539,Player1,WeaponAimed,8.516559,,,,
18/11/2024 13:13:02,NULL,WeaponAimed,97719798c30f7fd9d711ebacca789539,Player1,WeaponAimed,38.75384,,,,
18/11/2024 13:13:02,NULL,EndTorqueApplied,bcd355b83af609524ece584c902c7dc6,Player1,EndTorqueApplied,,21.2461586,1.062308,,
18/11/2024 13:13:03,NULL,WeaponAimed,7b1a32c4905b0ad60a2ca74552bcc138,Player1,WeaponAimed,60,,,,
18/11/2024 13:13:03,NULL,WeaponAimed,7b1a32c4905b0ad60a2ca74552bcc138,Player1,WeaponAimed,24.7739162,,,,
18/11/2024 13:13:04,NULL,EndTorqueApplied,a478ee112f3d533225f82b95b53eab35,Player1,EndTorqueApplied,,35.22608,1.76130414,,
18/11/2024 13:13:04,NULL,WeaponAimed,b46647f74b50ebf3d035fe8c8bbabb6b,Player1,WeaponAimed,60,,,,
18/11/2024 13:13:05,NULL,WeaponAimed,5e6dfb5e779f294c20ac00b260b2cb5f,Player1,WeaponAimed,-31.4614086,,,,
18/11/2024 13:13:05,NULL,EndTorqueApplied,e40d1d594b824db4ab8085cd4947ff80,Player1,EndTorqueApplied,,28.5385914,1.42692959,,
18/11/2024 13:13:06,NULL,WeaponAimed,9abaf0dd8fadde3bca834d4c528c004c,Player1,WeaponAimed,-60,,,,
18/11/2024 13:13:07,NULL,EndTorqueApplied,d4ba6235444e2582aa92d649d34f35d0,Player1,EndTorqueApplied,,120,6,,
18/11/2024 13:13:07,NULL,WeaponAimed,7582355a54b54b465c1d20d8e9c44836,Player1,WeaponAimed,60,,,,
18/11/2024 13:13:08,NULL,EndTorqueApplied,a64cbf6eea0f6875bad7fef84189e50d,Player1,EndTorqueApplied,,120,6,,
18/11/2024 13:13:09,NULL,WeaponAimed,49d16b5d00e82e4d39d0a1628e5dcb87,Player1,WeaponAimed,-60,,,,
18/11/2024 13:13:10,NULL,WeaponAimed,ec64bd4190d8e636ff7959948a9f98c3,Player1,WeaponAimed,-10.2427149,,,,
18/11/2024 13:13:10,NULL,EndTorqueApplied,0d4d51776abd8f1ff69e85f80f110ee9,Player1,EndTorqueApplied,,49.7572861,2.48786426,,
18/11/2024 13:13:11,NULL,WeaponAimed,e513e2678d239f6a03ad58f2b333b472,Player1,WeaponAimed,-60,,,,
18/11/2024 13:13:11,NULL,EndTorqueApplied,822cb483aa8d707daf3e805abd4b0a71,Player1,EndTorqueApplied,,0,0,,
18/11/2024 13:13:17,NULL,WeaponAimed,7f0df34997eac26808fa35c590b7a3c4,Player1,WeaponAimed,-60,,,,
18/11/2024 13:13:17,NULL,WeaponAimed,7f0df34997eac26808fa35c590b7a3c4,Player1,WeaponAimed,-11.8455477,,,,
18/11/2024 13:13:18,NULL,WeaponAimed,3ed8a26ca35e4d09fd56871f39a4e2e7,Player1,WeaponAimed,18.3793926,,,,
18/11/2024 13:13:18,NULL,WeaponAimed,3ed8a26ca35e4d09fd56871f39a4e2e7,Player1,WeaponAimed,51.9083633,,,,
18/11/2024 13:13:18,NULL,EndTorqueApplied,9fa9c17d40db945a8a6a1b3f381cf05e,Player1,EndTorqueApplied,,8.091637,0.404581845,,
18/11/2024 13:13:19,NULL,WeaponAimed,17734e2d0ceea266f9c93fb336722c71,Player1,WeaponAimed,60,,,,
18/11/2024 13:13:21,NULL,WeaponAimed,ced90b7ef7c8709e0144739d99a337f3,Player1,WeaponAimed,29.3706379,,,,
18/11/2024 13:13:21,NULL,EndTorqueApplied,4d18fd322c51380e01ebaca427e0b056,Player1,EndTorqueApplied,,30.6293621,1.53146815,,
18/11/2024 13:13:23,NULL,WeaponAimed,894d1081115e3454375cda4ccd20197d,Player1,WeaponAimed,60,,,,
18/11/2024 13:13:23,NULL,EndTorqueApplied,e7aba9da1db12a240f159b981661ca1c,Player1,EndTorqueApplied,,0,0,,
18/11/2024 13:13:24,NULL,WeaponAimed,988fa69cf8126ea488fe020d79694faf,Player1,WeaponAimed,60,,,,
18/11/2024 13:13:26,NULL,WeaponAimed,d71d9e2edec053d3be26392e056c5692,Player1,WeaponAimed,21.4325523,,,,
18/11/2024 13:13:26,NULL,WeaponAimed,d71d9e2edec053d3be26392e056c5692,Player1,WeaponAimed,-25.00612,,,,
18/11/2024 13:13:27,NULL,WeaponAimed,f081fe6b1359fa60a19894bdef189035,Player1,WeaponAimed,-44.2157364,,,,
18/11/2024 13:13:27,NULL,EndTorqueApplied,417eba990a16a63d274199f8b0631a27,Player1,EndTorqueApplied,,15.7842636,0.7892132,,
18/11/2024 13:13:28,NULL,WeaponAimed,3904e9c93de4927b28e6c653dd08bb1b,Player1,WeaponAimed,-60,,,,
18/11/2024 13:13:28,NULL,WeaponAimed,3904e9c93de4927b28e6c653dd08bb1b,Player1,WeaponAimed,-26.2002869,,,,
18/11/2024 13:13:29,NULL,WeaponAimed,f841869e6f86683d4e8a4ddf0bc78165,Player1,WeaponAimed,-1.9289242,,,,
18/11/2024 13:13:29,NULL,WeaponAimed,f841869e6f86683d4e8a4ddf0bc78165,Player1,WeaponAimed,15.6793537,,,,
18/11/2024 13:13:30,NULL,WeaponAimed,09c2f368ac9c4b652689abb5734120a7,Player1,WeaponAimed,35.0915146,,,,
18/11/2024 13:13:30,NULL,WeaponAimed,09c2f368ac9c4b652689abb5734120a7,Player1,WeaponAimed,54.5013123,,,,
18/11/2024 13:13:30,NULL,EndTorqueApplied,2b2e2366c40cb8992022e82253dc9215,Player1,EndTorqueApplied,,5.49868774,0.274934381,,
18/11/2024 13:13:31,NULL,WeaponAimed,8fd56f5af4af1f979663f310de504e40,Player1,WeaponAimed,60,,,,
18/11/2024 13:13:32,NULL,WeaponAimed,2357af1230e295ea7da84639bbf65561,Player1,WeaponAimed,40.919838,,,,
18/11/2024 13:13:32,NULL,EndTorqueApplied,c75e914644ce9fb5c9a817d35b1abc53,Player1,EndTorqueApplied,,19.080162,0.9540081,,
18/11/2024 13:13:34,NULL,WeaponAimed,62f9bc11a1b8652749493256000d4957,Player1,WeaponAimed,60,,,,
18/11/2024 13:13:35,NULL,WeaponAimed,e7dda1da393a3457c9022d5a492cc149,Player1,WeaponAimed,21.6333828,,,,
18/11/2024 13:13:35,NULL,WeaponAimed,e7dda1da393a3457c9022d5a492cc149,Player1,WeaponAimed,-8.893257,,,,
18/11/2024 13:15:11,NULL,WeaponAimed,5525c002a2d3a0541bf02bcca9954f21,Player1,WeaponAimed,0,,,,
18/11/2024 13:15:12,NULL,WeaponAimed,99e20da05abf29913b82bc9f09731ffa,Player1,WeaponAimed,-56.1652222,,,,
18/11/2024 13:15:12,NULL,EndTorqueApplied,52dade981c1cfc40dc609cb6d5691807,Player1,EndTorqueApplied,,3.83477783,0.191738889,,
18/11/2024 13:15:13,NULL,WeaponAimed,999fc529305a0654e1a2c30a4c866e2a,Player1,WeaponAimed,-60,,,,
18/11/2024 13:15:15,NULL,WeaponAimed,499891903cfd02c95c65a644ff13bd6a,Player1,WeaponAimed,8.853148,,,,
18/11/2024 13:15:16,NULL,WeaponAimed,e3378a5ae6b77b30c3f6bb23340b1678,Player1,WeaponAimed,-12.0084934,,,,
18/11/2024 13:15:16,NULL,EndTorqueApplied,130e18622b6c7e2ba17d4f799d21d369,Player1,EndTorqueApplied,,47.99151,2.39957547,,
18/11/2024 13:15:16,NULL,WeaponAimed,e3378a5ae6b77b30c3f6bb23340b1678,Player1,WeaponAimed,-60,,,,
18/11/2024 13:15:17,NULL,EndTorqueApplied,84b4a1ee5f37b8e9d38fd60c6ff9ecaa,Player1,EndTorqueApplied,,120,6,,
18/11/2024 13:15:18,NULL,WeaponAimed,bc71119936dca69afee15559ee123fa4,Player1,WeaponAimed,60,,,,
18/11/2024 13:15:24,NULL,WeaponAimed,d3c3d1ace8f151c772784736a8dcb4fb,Player1,WeaponAimed,0,,,,
18/11/2024 13:15:25,NULL,WeaponAimed,aeb8838dfd8b5a32eb1c15bd3283630c,Player1,WeaponAimed,-55.91944,,,,
18/11/2024 13:15:26,NULL,WeaponAimed,aa41a2aa130ba15b55b1512a9931cc60,Player1,WeaponAimed,-11.4447021,,,,
18/11/2024 13:15:27,NULL,WeaponAimed,60bc9096dd367b7d88721bba96284eea,Player1,WeaponAimed,-51.5329742,,,,
18/11/2024 13:15:28,NULL,WeaponAimed,6995d613a989bfb83017509a681b6e6f,Player1,WeaponAimed,41.4098358,,,,
18/11/2024 13:15:30,NULL,WeaponAimed,a6cf3b509a6a0797715e1ed72d515169,Player1,WeaponAimed,0.0453332327,,,,
18/11/2024 13:16:58,NULL,WeaponAimed,4e1e61be81443e40ec3f3b7ee9912063,Player1,WeaponAimed,0,,,,
18/11/2024 13:16:59,NULL,WeaponAimed,ca9980018d4b4855616657276b861182,Player1,WeaponAimed,-51.1758423,,,,
18/11/2024 13:17:00,NULL,WeaponAimed,8fb8e3fb1ec5ec943856831c7ba8d14a,Player1,WeaponAimed,19.1473751,,,,
18/11/2024 13:17:01,NULL,WeaponAimed,fef88ff852a95b8f48389bb2b9c1d668,Player1,WeaponAimed,59.10154,,,,
18/11/2024 13:17:01,NULL,EndTorqueApplied,33115eb3ccffe24bc41f5ecc0b573a52,Player1,EndTorqueApplied,,0.8984604,0.04492302,,
18/11/2024 13:17:02,NULL,WeaponAimed,184e5511a4d0b6f64c82cd308b3ec5df,Player1,WeaponAimed,60,,,,
18/11/2024 13:17:03,NULL,WeaponAimed,0b480f3751cad3e624629796fe045ac4,Player1,WeaponAimed,28.1430244,,,,
18/11/2024 13:17:03,NULL,EndTorqueApplied,4d0043af9a265d5041364313765893df,Player1,EndTorqueApplied,,88.14302,4.407151,,
18/11/2024 13:17:04,NULL,WeaponAimed,7f4a5fa7e782bfddb33b0b972018bd68,Player1,WeaponAimed,-60,,,,
18/11/2024 13:17:04,NULL,EndTorqueApplied,5112e0cdcc8ab9fbcc2dd5991188f121,Player1,EndTorqueApplied,,120,6,,
18/11/2024 13:17:05,NULL,WeaponAimed,6c2b60dc208cf1adb13ce18837769124,Player1,WeaponAimed,60,,,,
18/11/2024 13:17:06,NULL,WeaponAimed,269b337233f0d8a1fbb1a78a796cb43c,Player1,WeaponAimed,26.3255177,,,,
18/11/2024 13:17:06,NULL,EndTorqueApplied,c63fe511bce85662d758a7381f6e591b,Player1,EndTorqueApplied,,33.6744843,1.68372416,,
18/11/2024 13:17:07,NULL,WeaponAimed,96fa67addbb600be22f2806213472567,Player1,WeaponAimed,60,,,,
18/11/2024 13:17:08,NULL,EndTorqueApplied,ff4238dc8c31f937958934e05669ebeb,Player1,EndTorqueApplied,,120,6,,
18/11/2024 13:17:09,NULL,WeaponAimed,e99a5727090ce6e34c25b8d2e49f6769,Player1,WeaponAimed,-60,,,,
18/11/2024 13:52:14,NULL,WeaponAimed,8f8866783cd3bcff97c4a802597a9c04,Player2,WeaponAimed,0,,,,
18/11/2024 13:52:15,NULL,WeaponAimed,ca3bfe249624735e7e34b6bc80ba79b0,Player2,WeaponAimed,27.2717,,,,
18/11/2024 13:52:15,NULL,EndTorqueApplied,7b41fddf1c3ff451d4abf2880043ce3d,Player2,EndTorqueApplied,,32.728302,1.63641512,,
18/11/2024 13:52:16,NULL,WeaponAimed,e14703bb848ba4df47b0035e21c7a99d,Player2,WeaponAimed,60,,,,
18/11/2024 13:52:17,NULL,EndTorqueApplied,cda4ec108b0b89e045e3f30e8f185893,Player2,EndTorqueApplied,,120,6,,
18/11/2024 13:52:18,NULL,WeaponAimed,c4f4bf6a121e8b932642900ad6642d5f,Player2,WeaponAimed,-60,,,,
18/11/2024 13:52:19,NULL,WeaponAimed,82332d455814f4b3739563694d93fb6b,Player2,WeaponAimed,26.268755,,,,
18/11/2024 13:52:20,NULL,EndTorqueApplied,414051232aa7e954cda15bca5aa45ac9,Player2,EndTorqueApplied,,86.26875,4.31343746,,
18/11/2024 13:52:20,NULL,WeaponAimed,3ccb697748efa1dba8645219e2dffae9,Player2,WeaponAimed,-60,,,,
18/11/2024 13:52:21,NULL,WeaponAimed,e56785a9984dad90ba26d389f15fae1d,Player2,WeaponAimed,42.4246826,,,,
18/11/2024 13:52:21,NULL,EndTorqueApplied,ef987433ffd20de165e670483d0094b7,Player2,EndTorqueApplied,,17.5753174,0.8787659,,
18/11/2024 13:52:22,NULL,WeaponAimed,417bef9dff42ad40e2b75b2cb737c786,Player2,WeaponAimed,60,,,,
18/11/2024 13:52:23,NULL,WeaponAimed,9b3dcdd5d9fc4d07b594af08f43d69a1,Player2,WeaponAimed,-8.720939,,,,
18/11/2024 13:52:23,NULL,EndTorqueApplied,09aa69485679501713030eb64e270785,Player2,EndTorqueApplied,,68.72094,3.436047,,
18/11/2024 13:52:24,NULL,WeaponAimed,4ff38fce79bed1f7b5545259ce870401,Player2,WeaponAimed,60,,,,
18/11/2024 13:52:25,NULL,WeaponAimed,9b9df9c7516306c4d06e64bcfcbac615,Player2,WeaponAimed,29.8852749,,,,
18/11/2024 13:52:25,NULL,EndTorqueApplied,20944db6c919e3f01b8370e153d5b92f,Player2,EndTorqueApplied,,30.1147251,1.50573623,,
18/11/2024 13:52:26,NULL,WeaponAimed,f23f625b513fd8d8557d7b1fc6dd9f36,Player2,WeaponAimed,60,,,,
18/11/2024 13:52:29,NULL,WeaponAimed,87704781bdd66c085ff16bcfb07e71e2,Player1,WeaponAimed,0,,,,
18/11/2024 13:52:30,NULL,WeaponAimed,611277438de6c6921532ef2c67145118,Player1,WeaponAimed,-49.55721,,,,
18/11/2024 13:52:30,NULL,EndTorqueApplied,872b9523394deb66d7d2d9b4e2aa27ea,Player1,EndTorqueApplied,,10.442791,0.522139549,,
18/11/2024 13:52:31,NULL,WeaponAimed,59dca0f2b633f13b8b01b42829919520,Player1,WeaponAimed,-60,,,,
18/11/2024 15:31:30,NULL,WeaponAimed,f7a4bd4d4aec616ab85ebf3a95cf04e8,Player1,WeaponAimed,0,,,,
18/11/2024 15:37:25,NULL,WeaponAimed,6e89f58cd086a2d2fac7587ec0d09000,Player1,WeaponAimed,0,,,,
18/11/2024 15:37:25,NULL,WeaponAimed,6e89f58cd086a2d2fac7587ec0d09000,Player1,WeaponAimed,-39.94298,,,,
18/11/2024 15:37:26,NULL,WeaponAimed,19345fbf8d270ffb563a9e5e000bb4dd,Player1,WeaponAimed,25.713171,,,,
18/11/2024 15:37:26,NULL,WeaponAimed,19345fbf8d270ffb563a9e5e000bb4dd,Player1,WeaponAimed,-19.17087,,,,
18/11/2024 15:37:27,NULL,WeaponAimed,1109c6e58e6f80d745cb8ff46544f996,Player1,WeaponAimed,8.037609,,,,
18/11/2024 15:38:40,NULL,WeaponAimed,9058c888643a21227c53a55d05053a37,Player1,WeaponAimed,0,,,,
18/11/2024 15:38:40,NULL,WeaponAimed,9058c888643a21227c53a55d05053a37,Player1,WeaponAimed,-36.1737976,,,,
18/11/2024 15:38:41,NULL,WeaponAimed,77a97ab80b6a1e589aa87d90dd5f4a55,Player1,WeaponAimed,29.0092812,,,,
18/11/2024 15:38:41,NULL,WeaponAimed,77a97ab80b6a1e589aa87d90dd5f4a55,Player1,WeaponAimed,-15.0706387,,,,
18/11/2024 15:38:42,NULL,WeaponAimed,e18b7cd5043b6b77b99cc056a782c04e,Player1,WeaponAimed,9.700602,,,,
18/11/2024 15:38:44,NULL,WeaponAimed,a35144acd505b23589b9da714c144393,Player1,WeaponAimed,-9.767338,,,,
18/11/2024 15:38:44,NULL,WeaponAimed,a35144acd505b23589b9da714c144393,Player1,WeaponAimed,8.827783,,,,
18/11/2024 15:38:45,NULL,WeaponAimed,01b82fcbbbd7ebc7b30ecb32e03d6885,Player1,WeaponAimed,-4.025738,,,,
18/11/2024 15:47:30,NULL,WeaponAimed,0bb311ee09cc7e1c8dd6c168af679d71,Player1,WeaponAimed,0,,,,
18/11/2024 15:47:31,NULL,WeaponAimed,18e3b476bb14608ec4c4db5d1c61bf03,Player1,WeaponAimed,-32.19448,,,,
18/11/2024 15:47:31,NULL,WeaponAimed,18e3b476bb14608ec4c4db5d1c61bf03,Player1,WeaponAimed,17.3549,,,,
18/11/2024 15:47:32,NULL,WeaponAimed,25a41deb34afcc49c5ec4bc6c8c75e2f,Player1,WeaponAimed,-39.08178,,,,
18/11/2024 15:47:32,NULL,WeaponAimed,25a41deb34afcc49c5ec4bc6c8c75e2f,Player1,WeaponAimed,32.9940033,,,,
18/11/2024 15:47:33,NULL,WeaponAimed,8255ae4dcd500916799f62b9905add73,Player1,WeaponAimed,-26.467,,,,
18/11/2024 15:47:34,NULL,WeaponAimed,0acc23f3951029508feec38bdb9a4cff,Player1,WeaponAimed,1.6247381,,,,
18/11/2024 15:47:35,NULL,WeaponAimed,6d5783b9c0c328f90e8a205bdfaea2e2,Player1,WeaponAimed,-7.804022,,,,
18/11/2024 15:56:02,NULL,WeaponAimed,08484dd452fd5e3e68bc56122f63e644,Player1,WeaponAimed,0,,,,
18/11/2024 15:56:03,NULL,WeaponAimed,5ac19332932080f72686062290daf587,Player1,WeaponAimed,-33.39551,,,,
18/11/2024 15:56:04,NULL,WeaponAimed,5e585f584857b107a0695f1077f0b8fd,Player1,WeaponAimed,16.1540527,,,,
18/11/2024 15:56:05,NULL,WeaponAimed,a2648ae8ef4fc65aee31eea5edeeee43,Player1,WeaponAimed,-9.448766,,,,
18/11/2024 15:56:06,NULL,WeaponAimed,2525ba3d1ab1c589ac36945653fe057f,Player1,WeaponAimed,9.71925449,,,,
18/11/2024 15:56:07,NULL,WeaponAimed,543a8e842e3743fcd00300e3611dd228,Player1,WeaponAimed,-9.408546,,,,
18/11/2024 15:56:07,NULL,WeaponAimed,543a8e842e3743fcd00300e3611dd228,Player1,WeaponAimed,4.91905451,,,,
18/11/2024 15:56:08,NULL,WeaponAimed,32c39b7cda401591e862949d60517259,Player1,WeaponAimed,-11.1855259,,,,
18/11/2024 15:56:08,NULL,WeaponAimed,32c39b7cda401591e862949d60517259,Player1,WeaponAimed,3.24689269,,,,
18/11/2024 15:56:09,NULL,WeaponAimed,5f32c33375bd2d40c151cc5df01d1dce,Player1,WeaponAimed,-11.1130877,,,,
18/11/2024 15:56:10,NULL,WeaponAimed,e553a3f3b8e7dd672b3f55ab76d4e426,Player1,WeaponAimed,3.1642704,,,,
18/11/2024 15:56:10,NULL,WeaponAimed,e553a3f3b8e7dd672b3f55ab76d4e426,Player1,WeaponAimed,-9.710229,,,,
18/11/2024 15:56:13,NULL,WeaponAimed,f2dcb053c8c0d4b7f8af0a60c6ee9f9b,Player1,WeaponAimed,1.72801065,,,,
18/11/2024 15:56:14,NULL,WeaponAimed,232e0ca4ebe5f22452ccad056f069d94,Player1,WeaponAimed,-20.69723,,,,
18/11/2024 16:03:28,NULL,WeaponAimed,bd304d9306380f1907a969bc2b32d078,Player1,WeaponAimed,0,,,,
18/11/2024 16:03:29,NULL,WeaponAimed,d694efdd2c06ced472e78d96fdedd504,Player1,WeaponAimed,-38.40944,,,,
18/11/2024 16:03:29,NULL,WeaponAimed,d694efdd2c06ced472e78d96fdedd504,Player1,WeaponAimed,15.8842,,,,
18/11/2024 16:04:44,NULL,WeaponAimed,6c90a5f5339ec0b43e76989e3da8b17e,Player2,WeaponAimed,0,,,,
18/11/2024 16:04:44,NULL,WeaponAimed,6c90a5f5339ec0b43e76989e3da8b17e,Player2,WeaponAimed,38.24428,,,,
18/11/2024 16:04:45,NULL,WeaponAimed,20e586a24963485d9cd2f10f8ab60584,Player1,WeaponAimed,0,,,,
18/11/2024 16:04:45,NULL,WeaponAimed,20e586a24963485d9cd2f10f8ab60584,Player1,WeaponAimed,-36.6467056,,,,
18/11/2024 16:04:46,NULL,WeaponAimed,88b1ca3c71c8986458ce6fa4eb45c2d3,Player2,WeaponAimed,-7.2130146,,,,
18/11/2024 16:04:46,NULL,WeaponAimed,88b1ca3c71c8986458ce6fa4eb45c2d3,Player1,WeaponAimed,19.089695,,,,
18/11/2024 16:04:47,NULL,WeaponAimed,4852ff450868d277a1970960266949c6,Player2,WeaponAimed,-42.9938736,,,,
18/11/2024 16:04:47,NULL,EndTorqueApplied,ed070abd9d724f0cb5a6abdd01d665fb,Player2,EndTorqueApplied,,102.993874,5.14969349,,
18/11/2024 16:04:50,NULL,WeaponAimed,daad7bb7dcd5214f574eb54e16e0d622,Player2,WeaponAimed,60,,,,
18/11/2024 16:04:50,NULL,WeaponAimed,daad7bb7dcd5214f574eb54e16e0d622,Player2,WeaponAimed,-1.49168432,,,,
18/11/2024 16:04:50,NULL,WeaponAimed,daad7bb7dcd5214f574eb54e16e0d622,Player2,WeaponAimed,-41.1564026,,,,
18/11/2024 16:04:50,NULL,EndTorqueApplied,a6db5cb0d203b8f831e01c3a102b234b,Player2,EndTorqueApplied,,18.8435974,0.942179859,,
18/11/2024 16:04:51,NULL,WeaponAimed,7d76095ff8108f8aae27b2b209363bd7,Player2,WeaponAimed,-60,,,,
18/11/2024 16:04:51,NULL,EndTorqueApplied,b304234ec65995214af1047fe5a59906,Player2,EndTorqueApplied,,0,0,,
18/11/2024 16:04:52,NULL,WeaponAimed,826ac9e5668f6f2d55cd0e8a82fefb9b,Player2,WeaponAimed,-60,,,,
18/11/2024 16:04:52,NULL,WeaponAimed,826ac9e5668f6f2d55cd0e8a82fefb9b,Player2,WeaponAimed,-16.4644871,,,,
18/11/2024 16:04:52,NULL,EndTorqueApplied,d8fd162a7ee54582089eaefa9dbc20b0,Player2,EndTorqueApplied,,43.5355148,2.17677569,,
18/11/2024 16:04:53,NULL,WeaponAimed,235eee9bd08f0160c9033f7068da1a40,Player2,WeaponAimed,-60,,,,
18/11/2024 16:05:53,NULL,WeaponAimed,046e1a6c16ca72b3d653f95c2fec488a,Player1,WeaponAimed,0,,,,
18/11/2024 16:05:54,NULL,WeaponAimed,efebbff9c22bcabc5d2e204e5730f562,Player1,WeaponAimed,6.64243937,,,,
18/11/2024 16:05:54,NULL,WeaponAimed,efebbff9c22bcabc5d2e204e5730f562,Player2,WeaponAimed,0,,,,
18/11/2024 16:05:54,NULL,EndTorqueApplied,1d79a683195e71cbba6fec75ec11d689,Player2,EndTorqueApplied,,60,3,,
18/11/2024 16:05:54,NULL,WeaponAimed,efebbff9c22bcabc5d2e204e5730f562,Player1,WeaponAimed,36.59632,,,,
18/11/2024 16:05:55,NULL,WeaponAimed,898563ad5c6b6ed4fa81ef6e2cf814d0,Player2,WeaponAimed,60,,,,
18/11/2024 16:05:55,NULL,WeaponAimed,898563ad5c6b6ed4fa81ef6e2cf814d0,Player1,WeaponAimed,-15.5743771,,,,
18/11/2024 16:05:56,NULL,WeaponAimed,cae3b7b3b202a6ab9c70d198d911100a,Player1,WeaponAimed,-37.3148537,,,,
18/11/2024 16:05:56,NULL,WeaponAimed,cae3b7b3b202a6ab9c70d198d911100a,Player2,WeaponAimed,-14.377121,,,,
18/11/2024 16:05:56,NULL,WeaponAimed,cae3b7b3b202a6ab9c70d198d911100a,Player2,WeaponAimed,41.6264,,,,
18/11/2024 16:05:57,NULL,EndTorqueApplied,f40dd4c8bd0796b8634f96759ee9a2e2,Player2,EndTorqueApplied,,101.6264,5.08132029,,
19/11/2024 13:11:25,NULL,WeaponAimed,0927d77f7412d602528541beae90fc0e,Player1,WeaponAimed,0,,,,
19/11/2024 13:11:25,NULL,EndTorqueApplied,11eea073ffb936c0183478224ac75d87,Player1,EndTorqueApplied,,60,3,,
19/11/2024 13:11:26,NULL,WeaponAimed,22cecd4e2a4913548d045632243674cf,Player1,WeaponAimed,-60,,,,
19/11/2024 13:11:30,NULL,WeaponAimed,cde09df6245949b22556405538eba5a9,Player1,WeaponAimed,-7.12685966,,,,
19/11/2024 13:11:30,NULL,EndTorqueApplied,a9a3dc137942d565ef66fbef4aaf85ad,Player1,EndTorqueApplied,,52.87314,2.643657,,
19/11/2024 13:14:12,NULL,WeaponAimed,4dd1bea2ffe05b2eb518f34dbf7ebbc9,Player1,WeaponAimed,0,,,,
19/11/2024 13:14:12,NULL,WeaponAimed,4dd1bea2ffe05b2eb518f34dbf7ebbc9,Player1,WeaponAimed,27.3356228,,,,
19/11/2024 13:14:20,NULL,WeaponAimed,2e9ff5de16a6a6ae0ef61c481d7d95fa,Player1,WeaponAimed,44.7439041,,,,
19/11/2024 13:14:20,NULL,EndTorqueApplied,2547c6d2df91f02f53a442b078d59426,Player1,EndTorqueApplied,,15.2560959,0.7628048,,
19/11/2024 13:14:21,NULL,WeaponAimed,e963592755753c544db1d7f2764b6406,Player1,WeaponAimed,60,,,,
19/11/2024 13:14:21,NULL,WeaponAimed,e963592755753c544db1d7f2764b6406,Player1,WeaponAimed,36.0930519,,,,
19/11/2024 13:14:22,NULL,WeaponAimed,085f45ec878b2dab49f7617d1c9bb441,Player1,WeaponAimed,-0.5550908,,,,
19/11/2024 13:14:22,NULL,WeaponAimed,085f45ec878b2dab49f7617d1c9bb441,Player1,WeaponAimed,-31.0514622,,,,
19/11/2024 13:14:23,NULL,WeaponAimed,49a99c3d0531ab8323c48bccf58c7947,Player1,WeaponAimed,-55.0391121,,,,
19/11/2024 13:14:23,NULL,EndTorqueApplied,2d7ee57e3354993586406a0ca776062a,Player1,EndTorqueApplied,,4.960888,0.2480444,,
19/11/2024 13:14:23,NULL,WeaponAimed,49a99c3d0531ab8323c48bccf58c7947,Player1,WeaponAimed,-60,,,,
19/11/2024 13:14:23,NULL,EndTorqueApplied,2d7ee57e3354993586406a0ca776062a,Player1,EndTorqueApplied,,0,0,,
19/11/2024 13:14:24,NULL,WeaponAimed,c96258af7f5e24c89b979383d85ad7bd,Player1,WeaponAimed,-60,,,,
19/11/2024 13:14:24,NULL,WeaponAimed,c96258af7f5e24c89b979383d85ad7bd,Player1,WeaponAimed,-36.19951,,,,
19/11/2024 13:14:24,NULL,EndTorqueApplied,fd4b7cfaa8a6bfd01b7fa2e84c4fabef,Player1,EndTorqueApplied,,23.8004913,1.19002461,,
19/11/2024 13:14:26,NULL,WeaponAimed,547781b338af36993abb8a47d03a53d6,Player1,WeaponAimed,-60,,,,
19/11/2024 13:30:48,NULL,WeaponAimed,40ad993dd42449eebe1eea8ec22b906d,Player1,WeaponAimed,0,,,,
19/11/2024 13:30:48,NULL,WeaponAimed,40ad993dd42449eebe1eea8ec22b906d,Player1,WeaponAimed,-36.7875481,,,,
19/11/2024 13:30:49,NULL,WeaponAimed,e838a3c607792f4510757c22b1fbfe72,Player1,WeaponAimed,15.9611187,,,,
19/11/2024 13:30:50,NULL,WeaponAimed,00e356a63bfd6d88fc5c9599c188e50b,Player1,WeaponAimed,41.5096855,,,,
19/11/2024 14:09:28,NULL,WeaponAimed,d91f7120477862184bf9a30c37968e08,Player1,WeaponAimed,0,,,,
19/11/2024 14:09:28,NULL,WeaponAimed,d91f7120477862184bf9a30c37968e08,Player1,WeaponAimed,22.2351589,,,,
19/11/2024 14:09:28,NULL,WeaponAimed,d91f7120477862184bf9a30c37968e08,Player1,WeaponAimed,-17.9226818,,,,
19/11/2024 14:09:29,NULL,WeaponAimed,0f7a928d1f468dd2b576c8cf1dc94cec,Player1,WeaponAimed,15.7553978,,,,
19/11/2024 14:09:29,NULL,WeaponAimed,0f7a928d1f468dd2b576c8cf1dc94cec,Player1,WeaponAimed,-33.8138771,,,,
19/11/2024 14:09:30,NULL,WeaponAimed,364c284b0ec3699b741abef16dab420e,Player1,WeaponAimed,14.1033716,,,,
19/11/2024 14:09:30,NULL,WeaponAimed,364c284b0ec3699b741abef16dab420e,Player1,WeaponAimed,-38.5256081,,,,
19/11/2024 14:09:30,NULL,WeaponAimed,364c284b0ec3699b741abef16dab420e,Player1,WeaponAimed,-0.128053918,,,,
19/11/2024 14:09:31,NULL,WeaponAimed,96f6b805cbdc401af68b2ddc00138725,Player1,WeaponAimed,-32.225296,,,,
19/11/2024 14:09:35,NULL,WeaponAimed,600f666c01605263f02d71c21e95c50b,Player1,WeaponAimed,1.55860353,,,,
19/11/2024 14:10:43,NULL,WeaponAimed,b7c8d6dd008be728f366781af070d83b,Player1,WeaponAimed,0,,,,
19/11/2024 14:10:44,NULL,WeaponAimed,92e5b56ecae95df4895a80b95012f842,Player1,WeaponAimed,-38.35193,,,,
19/11/2024 14:10:44,NULL,EndTorqueApplied,9b1ff34e88c4ef096fa0996c3df0face,Player1,EndTorqueApplied,,21.6480713,1.26280415,,
19/11/2024 14:10:44,NULL,WeaponAimed,92e5b56ecae95df4895a80b95012f842,Player1,WeaponAimed,-60,,,,
19/11/2024 14:10:45,NULL,WeaponAimed,b545df6c7dd2624756b03e07060b7b6e,Player1,WeaponAimed,-26.4168148,,,,
19/11/2024 14:10:45,NULL,WeaponAimed,b545df6c7dd2624756b03e07060b7b6e,Player2,WeaponAimed,0,,,,
19/11/2024 14:10:45,NULL,WeaponAimed,b545df6c7dd2624756b03e07060b7b6e,Player1,WeaponAimed,37.4918556,,,,
19/11/2024 14:15:31,NULL,WeaponAimed,d90c6bab2bd1abd5c8a229548f74d972,Player2,WeaponAimed,0,,,,
19/11/2024 14:15:31,NULL,WeaponAimed,d90c6bab2bd1abd5c8a229548f74d972,Player2,WeaponAimed,17.8474216,,,,
19/11/2024 14:20:21,NULL,WeaponAimed,6472eee8e75d0484b7926800415806da,Player1,WeaponAimed,0,,,,
19/11/2024 14:20:21,NULL,WeaponAimed,6472eee8e75d0484b7926800415806da,Player2,WeaponAimed,0,,,,
19/11/2024 14:20:21,NULL,WeaponAimed,6472eee8e75d0484b7926800415806da,Player1,WeaponAimed,41.6399231,,,,
19/11/2024 14:20:21,NULL,EndTorqueApplied,eeff2dd8b39a7bb994db502ce810aa8f,Player1,EndTorqueApplied,,18.3600769,1.07100451,,
19/11/2024 14:20:21,NULL,WeaponAimed,6472eee8e75d0484b7926800415806da,Player1,WeaponAimed,60,,,,
19/11/2024 14:20:22,NULL,WeaponAimed,7354919d13cdec773c1de4d22f334985,Player1,WeaponAimed,23.2397118,,,,
19/11/2024 14:20:22,NULL,WeaponAimed,7354919d13cdec773c1de4d22f334985,Player1,WeaponAimed,-28.2096062,,,,
19/11/2024 14:20:23,NULL,WeaponAimed,ad461683d2c2b1e58053b23f12611313,Player1,WeaponAimed,38.9336739,,,,
25/11/2024 12:37:47,NULL,WeaponAimed,057dc9193f4fa515f97ae38dbc808742,Player1,WeaponAimed,0,,,,
25/11/2024 12:37:47,NULL,EndTorqueApplied,ece9de2a37b869e9ab49f5a7f41139dd,Player1,EndTorqueApplied,,60,3.5,,
25/11/2024 12:37:48,NULL,WeaponAimed,432200a9b6f2c81724fd52c141e1d145,Player1,WeaponAimed,-60,,,,
25/11/2024 12:37:49,NULL,WeaponAimed,737d3ea2ba4f3a035dbcb48df13a7f0b,Player2,WeaponAimed,0,,,,
25/11/2024 12:37:49,NULL,EndTorqueApplied,79f55ef5548c8812a71a474d7010b77b,Player2,EndTorqueApplied,,60,3.5,,
25/11/2024 12:37:49,NULL,WeaponAimed,737d3ea2ba4f3a035dbcb48df13a7f0b,Player2,WeaponAimed,60,,,,
25/11/2024 12:37:49,NULL,EndTorqueApplied,79f55ef5548c8812a71a474d7010b77b,Player2,EndTorqueApplied,,0,0,,
25/11/2024 12:37:50,NULL,WeaponAimed,fae5e34385b761b5c890213d5c255da6,Player1,WeaponAimed,23.3379536,,,,
25/11/2024 12:37:50,NULL,EndTorqueApplied,ffbdee2ae9850c6591928cadae77d3a3,Player1,EndTorqueApplied,,83.33795,4.86138058,,
25/11/2024 12:37:52,NULL,WeaponAimed,f8efac49b2575f75a3c2f94b8ffb4a61,Player1,WeaponAimed,-60,,,,
25/11/2024 12:37:53,NULL,EndTorqueApplied,04b82ddd5a06530442a39aab193aa21d,Player1,EndTorqueApplied,,120,7,,
25/11/2024 12:37:53,NULL,WeaponAimed,6c4898eea01ab952d3eb7dd7fbcaf4da,Player1,WeaponAimed,60,,,,
25/11/2024 12:37:53,NULL,WeaponAimed,6c4898eea01ab952d3eb7dd7fbcaf4da,Player1,WeaponAimed,-12.0966,,,,
25/11/2024 12:37:54,NULL,WeaponAimed,11bdf2106bfd8faf1c70686e3ffa71e8,Player1,WeaponAimed,-36.116436,,,,
25/11/2024 12:37:54,NULL,EndTorqueApplied,85e3ac2d29686b84e1b15f2c87ab6d9a,Player1,EndTorqueApplied,,23.883564,1.39320791,,
25/11/2024 12:37:55,NULL,WeaponAimed,5d5f726f4586db4054b12a7318b181b6,Player1,WeaponAimed,-60,,,,
25/11/2024 12:37:55,NULL,WeaponAimed,5d5f726f4586db4054b12a7318b181b6,Player1,WeaponAimed,-16.73668,,,,
25/11/2024 12:37:55,NULL,EndTorqueApplied,4f08b76b0d9c45fa4b0342096a9a895f,Player1,EndTorqueApplied,,43.26332,2.5236938,,
25/11/2024 12:37:56,NULL,WeaponAimed,39b6bc3db2fcaacb3daf29b7106ce850,Player1,WeaponAimed,-60,,,,
25/11/2024 12:37:56,NULL,WeaponAimed,39b6bc3db2fcaacb3daf29b7106ce850,Player1,WeaponAimed,3.96687341,,,,
25/11/2024 12:37:57,NULL,EndTorqueApplied,72b2575c710b2964ba7fcc359a11229e,Player1,EndTorqueApplied,,63.9668732,3.731401,,
25/11/2024 12:37:57,NULL,WeaponAimed,2f8e35834e7cc5a63335f4635192d759,Player1,WeaponAimed,-60,,,,
25/11/2024 12:37:57,NULL,EndTorqueApplied,72b2575c710b2964ba7fcc359a11229e,Player1,EndTorqueApplied,,0,0,,
25/11/2024 12:37:59,NULL,WeaponAimed,323697308ad4ea744051fa5f58dbdb61,Player1,WeaponAimed,-60,,,,
25/11/2024 12:37:59,NULL,EndTorqueApplied,b954387e839c8040abf1d59493091200,Player1,EndTorqueApplied,,120,7,,
25/11/2024 12:38:00,NULL,WeaponAimed,2d6dac6ed46e7f33f5326a6b4d31d9b4,Player1,WeaponAimed,60,,,,
25/11/2024 12:38:01,NULL,WeaponAimed,1ed45148d36a7375427f4de3b5f0cb06,Player1,WeaponAimed,-50.67359,,,,
25/11/2024 12:38:03,NULL,WeaponAimed,4bc8cec6443bcfd18d2a511c966b2140,Player1,WeaponAimed,54.9704666,,,,
25/11/2024 12:38:04,NULL,EndTorqueApplied,ff38812e23030aa996d6d61de9057ce4,Player1,EndTorqueApplied,,114.970467,6.70661068,,
25/11/2024 12:38:04,NULL,WeaponAimed,315ad870ebb01d028e98237002339937,Player1,WeaponAimed,-60,,,,
25/11/2024 12:38:05,NULL,EndTorqueApplied,a5f515b5a1f24e16f73ebce18b9aaa47,Player1,EndTorqueApplied,,120,7,,
25/11/2024 12:38:06,NULL,WeaponAimed,89027e4a5d32dc522754127ba43dfbcc,Player1,WeaponAimed,60,,,,
25/11/2024 12:38:06,NULL,WeaponAimed,89027e4a5d32dc522754127ba43dfbcc,Player1,WeaponAimed,18.4004383,,,,
25/11/2024 12:38:06,NULL,EndTorqueApplied,b9a652c789e66b64224feb460dc394aa,Player1,EndTorqueApplied,,41.5995636,2.42664123,,
25/11/2024 12:38:07,NULL,WeaponAimed,4abd1cd567232b462fbe35f8f9b9b8a4,Player1,WeaponAimed,60,,,,
25/11/2024 12:38:07,NULL,EndTorqueApplied,c1558141865ec6654faa93b816e6b426,Player1,EndTorqueApplied,,120,7,,
25/11/2024 12:38:08,NULL,WeaponAimed,e9b117d8c6d4f7c37225df137a61f709,Player1,WeaponAimed,-60,,,,
25/11/2024 12:38:09,NULL,WeaponAimed,22d6d4927a307e605d70de67e3251e7c,Player1,WeaponAimed,-24.9002151,,,,
25/11/2024 12:38:09,NULL,EndTorqueApplied,f3dd66ce99ac0a5f1e830a47e4ba26d3,Player1,EndTorqueApplied,,35.0997849,2.0474875,,
25/11/2024 12:38:10,NULL,WeaponAimed,42a58ae22d030006b72f04e38a1d6b58,Player1,WeaponAimed,-60,,,,
25/11/2024 12:38:11,NULL,EndTorqueApplied,422a32eddbd1a3421fa524cbd06c2d86,Player1,EndTorqueApplied,,120,7,,
25/11/2024 12:38:12,NULL,WeaponAimed,4c91abc33e507f0ca2e09b1575d631e6,Player1,WeaponAimed,60,,,,
25/11/2024 12:38:12,NULL,WeaponAimed,4c91abc33e507f0ca2e09b1575d631e6,Player1,WeaponAimed,-29.4470634,,,,
25/11/2024 12:38:13,NULL,EndTorqueApplied,fce6c1d93b9693d22cd4abd1deead432,Player1,EndTorqueApplied,,30.5529366,1.78225458,,
25/11/2024 12:38:14,NULL,WeaponAimed,71ce592d95f08658f0a94bc6f3eebbf1,Player1,WeaponAimed,-60,,,,
25/11/2024 12:38:15,NULL,WeaponAimed,59433e3b57a95147cc0cd28f99befc89,Player1,WeaponAimed,-34.33789,,,,
25/11/2024 12:38:15,NULL,EndTorqueApplied,8c2039b1b8c02732fd443cd67adc44b4,Player1,EndTorqueApplied,,25.66211,1.49695635,,
25/11/2024 12:38:16,NULL,WeaponAimed,5e76f9cfc8ba2fb3b58f4ea824953463,Player1,WeaponAimed,-60,,,,
25/11/2024 12:38:17,NULL,WeaponAimed,242854e315dddccfaa7314ce17930625,Player1,WeaponAimed,-33.0667458,,,,
25/11/2024 12:38:17,NULL,WeaponAimed,242854e315dddccfaa7314ce17930625,Player1,WeaponAimed,-10.5613041,,,,
25/11/2024 12:38:17,NULL,WeaponAimed,242854e315dddccfaa7314ce17930625,Player1,WeaponAimed,13.4051971,,,,
25/11/2024 12:38:18,NULL,WeaponAimed,ee4818d0f991cdf15269375ff8d42c4d,Player1,WeaponAimed,34.21776,,,,
25/11/2024 12:38:18,NULL,WeaponAimed,ee4818d0f991cdf15269375ff8d42c4d,Player1,WeaponAimed,58.019146,,,,
25/11/2024 12:38:18,NULL,EndTorqueApplied,0e1b2cacee462c740313463f476e04af,Player1,EndTorqueApplied,,1.980854,0.115549818,,
25/11/2024 12:38:19,NULL,WeaponAimed,3cc5a42d148a6b2ee1223bf6584f2cb0,Player1,WeaponAimed,60,,,,
25/11/2024 12:38:19,NULL,EndTorqueApplied,10e6b96a07f71f5bcb239eb48509e0dc,Player1,EndTorqueApplied,,0,0,,
25/11/2024 12:38:19,NULL,WeaponAimed,3cc5a42d148a6b2ee1223bf6584f2cb0,Player1,WeaponAimed,60,,,,
25/11/2024 12:38:20,NULL,WeaponAimed,2cefdc1e7ec1d5d4c36acd79477caa85,Player1,WeaponAimed,42.26724,,,,
25/11/2024 12:38:21,NULL,WeaponAimed,850e8e295a68f441de9f5c4287e06ef0,Player1,WeaponAimed,52.1484337,,,,
25/11/2024 12:38:21,NULL,EndTorqueApplied,576b0253c2d0bd33770eb697d6fd44bb,Player1,EndTorqueApplied,,7.85156631,0.458008021,,
25/11/2024 12:38:21,NULL,WeaponAimed,850e8e295a68f441de9f5c4287e06ef0,Player1,WeaponAimed,60,,,,
25/11/2024 12:38:21,NULL,EndTorqueApplied,576b0253c2d0bd33770eb697d6fd44bb,Player1,EndTorqueApplied,,0,0,,
25/11/2024 12:38:23,NULL,WeaponAimed,e00b7bf421c4444ab27aede923db655e,Player1,WeaponAimed,60,,,,
25/11/2024 12:38:23,NULL,EndTorqueApplied,97edf230c909600ee735c66479b2f851,Player1,EndTorqueApplied,,0,0,,
25/11/2024 12:38:24,NULL,WeaponAimed,5778f38db28877a02c59aa0d13b66944,Player1,WeaponAimed,60,,,,
25/11/2024 12:38:24,NULL,WeaponAimed,5778f38db28877a02c59aa0d13b66944,Player1,WeaponAimed,31.1857128,,,,
25/11/2024 12:38:25,NULL,WeaponAimed,037d596a98b68cfeaa4b107c4ac0c178,Player1,WeaponAimed,3.868892,,,,
25/11/2024 13:49:21,NULL,WeaponAimed,57d963f63e8e58d90f2d8fc4e106b919,Player2,WeaponAimed,0,,,,
25/11/2024 13:49:22,NULL,WeaponAimed,309efbbf0f37052a81b95c29c48bb2c1,Player2,WeaponAimed,35.3039169,,,,
25/11/2024 14:12:08,NULL,WeaponAimed,c6791ea5d23306428c8c39d62dd71350,Player2,WeaponAimed,0,,,,
25/11/2024 14:22:10,NULL,WeaponAimed,0cba0f0ad7a9252899b0393691ca4ff0,Player2,WeaponAimed,0,,,,
25/11/2024 14:27:42,NULL,WeaponAimed,ac11c159d878f786e5ed91d6470505b2,Player2,WeaponAimed,0,,,,
25/11/2024 14:27:43,NULL,WeaponAimed,10d52b23b5d26a8278e46b150c46adb9,Player2,WeaponAimed,-41.53173,,,,
25/11/2024 14:27:43,NULL,WeaponAimed,10d52b23b5d26a8278e46b150c46adb9,Player2,WeaponAimed,-4.59280062,,,,
25/11/2024 14:29:50,NULL,WeaponAimed,3f95f84bc8384bb83d8ea9b0076537f9,Player2,WeaponAimed,0,,,,
25/11/2024 14:32:49,NULL,WeaponAimed,9d588159ff447b487fa99b7542e2772b,Player2,WeaponAimed,0,,,,
25/11/2024 14:32:49,NULL,WeaponAimed,9d588159ff447b487fa99b7542e2772b,Player2,WeaponAimed,33.70748,,,,
25/11/2024 14:32:50,NULL,WeaponAimed,d0f77ad0049021c5387119b056137c3b,Player2,WeaponAimed,-9.673698,,,,
25/11/2024 14:32:51,NULL,WeaponAimed,139ede8e69791cb87bde2806cf72b230,Player2,WeaponAimed,-32.1580429,,,,
25/11/2024 14:32:52,NULL,WeaponAimed,67f6e90e16428e1950a6d79b276bf46d,Player2,WeaponAimed,-14.5427647,,,,
25/11/2024 14:34:06,NULL,WeaponAimed,0ed824a578e139f9dd526a855c7f0efb,Player2,WeaponAimed,0,,,,
25/11/2024 14:34:06,NULL,WeaponAimed,0ed824a578e139f9dd526a855c7f0efb,Player2,WeaponAimed,41.6616821,,,,
25/11/2024 14:34:06,NULL,WeaponAimed,0ed824a578e139f9dd526a855c7f0efb,Player2,WeaponAimed,-33.21191,,,,
25/11/2024 14:34:07,NULL,EndTorqueApplied,6467b4ee8e1ad41d5c92995c6d01264e,Player2,EndTorqueApplied,,26.78809,1.56263852,,
25/11/2024 14:34:42,NULL,WeaponAimed,0139317b59398510c4833b189f499def,Player1,WeaponAimed,0,,,,
25/11/2024 14:34:43,NULL,WeaponAimed,7e55acd7c42014b3d949f996a3a38237,Player1,WeaponAimed,28.9884586,,,,
25/11/2024 14:34:44,NULL,WeaponAimed,d68c8e899dc392f4f6795dcff69e65ae,Player1,WeaponAimed,-14.3569136,,,,
25/11/2024 15:06:12,NULL,WeaponAimed,a20dd486442f549740ab9f1e15cc86a7,Player1,WeaponAimed,0,,,,
25/11/2024 15:06:12,NULL,WeaponAimed,a20dd486442f549740ab9f1e15cc86a7,Player1,WeaponAimed,41.6106949,,,,
25/11/2024 15:06:13,NULL,WeaponAimed,5754321d2739642441d872e21ca22a28,Player1,WeaponAimed,8.02076,,,,
25/11/2024 15:06:14,NULL,WeaponAimed,cbc742e730a530caf294a3b2287794bc,Player1,WeaponAimed,31.8613834,,,,
25/11/2024 15:07:35,NULL,WeaponAimed,bbb0761766337c15aa3c61fd557a77e8,Player1,WeaponAimed,0,,,,
25/11/2024 15:07:36,NULL,WeaponAimed,9a6c2455f25bfbf22236151bec371c6c,Player1,WeaponAimed,-26.416626,,,,
25/11/2024 15:07:37,NULL,WeaponAimed,c287ec77ab72d8d9e5409cb3e29311e4,Player1,WeaponAimed,-12.0142231,,,,
25/11/2024 15:07:38,NULL,WeaponAimed,a0ea044c8155ac2c7404539bc23fd3d1,Player1,WeaponAimed,-32.87579,,,,
25/11/2024 15:07:38,NULL,WeaponAimed,a0ea044c8155ac2c7404539bc23fd3d1,Player1,WeaponAimed,-18.4326229,,,,
25/11/2024 15:07:39,NULL,WeaponAimed,2c5a76cd7109bb5b182191eeb4a41f62,Player1,WeaponAimed,-34.4618645,,,,
25/11/2024 15:34:15,NULL,WeaponAimed,0eab1453a758124d005238ac61d2a62a,Player1,WeaponAimed,0,,,,
25/11/2024 15:34:15,NULL,WeaponAimed,0eab1453a758124d005238ac61d2a62a,Player1,WeaponAimed,-36.64702,,,,
25/11/2024 15:34:16,NULL,EndTorqueApplied,6ab283e93f2b6b538ea021a8d011778a,Player1,EndTorqueApplied,,96.64702,5.63774252,,
25/11/2024 15:34:17,NULL,WeaponAimed,effbf8b3224ad83e144773a396435cb0,Player1,WeaponAimed,60,,,,
25/11/2024 15:34:18,NULL,EndTorqueApplied,ba6fe2d9aa433079a9dbe3a15bc1132e,Player1,EndTorqueApplied,,120,7,,
25/11/2024 15:34:18,NULL,WeaponAimed,46c214dae8814ebcae988f19ad634525,Player1,WeaponAimed,-60,,,,
25/11/2024 15:35:16,NULL,WeaponAimed,1f60b6658d091446eab2ebe248cac517,Player1,WeaponAimed,0,,,,
25/11/2024 15:35:17,NULL,EndTorqueApplied,7d7459661d85612f94c4fec26aa12c00,Player1,EndTorqueApplied,,60,3.5,,
25/11/2024 15:35:17,NULL,WeaponAimed,af3c781af07e26da34fe614ad12cac0f,Player1,WeaponAimed,-60,,,,
25/11/2024 15:35:17,NULL,EndTorqueApplied,7d7459661d85612f94c4fec26aa12c00,Player1,EndTorqueApplied,,0,0,,
25/11/2024 15:35:19,NULL,WeaponAimed,536b5ade377588d2a20d809c6594cdd1,Player1,WeaponAimed,-60,,,,
25/11/2024 15:35:20,NULL,WeaponAimed,154530a0f48e9636c71038ada5b0f349,Player1,WeaponAimed,-29.6136417,,,,
25/11/2024 15:35:21,NULL,WeaponAimed,d807a52e45088a3a054e4f1d7ee45af2,Player1,WeaponAimed,-50.36584,,,,
25/11/2024 15:35:21,NULL,EndTorqueApplied,fed02bfe0bb36fb940d97cde73c6000b,Player1,EndTorqueApplied,,9.634159,0.5619926,,
25/11/2024 15:35:26,NULL,WeaponAimed,9ed9c9ab17e76bf48dfec6b3e00ce6c0,Player1,WeaponAimed,-60,,,,
25/11/2024 15:40:01,NULL,WeaponAimed,ce9c2683fc361020540d2342c2597f2e,Player1,WeaponAimed,0,,,,
25/11/2024 15:40:03,NULL,WeaponAimed,8f32e250d6ec03b75510ece1a069a3e5,Player1,WeaponAimed,-28.8165169,,,,
25/11/2024 15:40:03,NULL,WeaponAimed,8f32e250d6ec03b75510ece1a069a3e5,Player1,WeaponAimed,11.1460571,,,,
25/11/2024 15:40:03,NULL,WeaponAimed,8f32e250d6ec03b75510ece1a069a3e5,Player1,WeaponAimed,49.60253,,,,
25/11/2024 15:40:03,NULL,EndTorqueApplied,388ec43cb6275d328e0b5033c3959b7f,Player1,EndTorqueApplied,,10.3974686,0.606519,,
25/11/2024 15:40:05,NULL,WeaponAimed,1926c0732756ca996d5e8d73111dc002,Player1,WeaponAimed,60,,,,
25/11/2024 15:40:07,NULL,WeaponAimed,4cb36d9a1814bf2539dad4afea1a5540,Player1,WeaponAimed,23.2602,,,,
25/11/2024 16:11:48,NULL,WeaponAimed,e7665f94c86148a590d115cd006c1635,Player1,WeaponAimed,0,,,,
25/11/2024 16:11:49,NULL,WeaponAimed,7c12f36702b3263c6c7e4c2308ef658e,Player1,WeaponAimed,43.0017967,,,,
25/11/2024 16:11:49,NULL,EndTorqueApplied,f3369381d135c9a045cfc51e55a9655a,Player1,EndTorqueApplied,,16.9982033,0.99156183,,
25/11/2024 16:11:50,NULL,WeaponAimed,2172303f9ea6799f9f0c41793534b4f2,Player1,WeaponAimed,60,,,,
25/11/2024 16:27:00,NULL,WeaponAimed,bd6a59700be58b38df3f800966be03d6,Player1,WeaponAimed,0,,,,
25/11/2024 16:27:00,NULL,WeaponAimed,bd6a59700be58b38df3f800966be03d6,Player1,WeaponAimed,-28.6605034,,,,
25/11/2024 16:27:01,NULL,WeaponAimed,b57c3794f09b66fbf416b5dda2a7e43c,Player1,WeaponAimed,-46.2962952,,,,
25/11/2024 16:27:01,NULL,EndTorqueApplied,25c2dd280f079816e6767d2e326c7ee6,Player1,EndTorqueApplied,,13.7037048,0.7993828,,
25/11/2024 16:27:02,NULL,WeaponAimed,d879c5a5ec43202c37d1a168311eeab6,Player1,WeaponAimed,-60,,,,
25/11/2024 16:27:02,NULL,WeaponAimed,d879c5a5ec43202c37d1a168311eeab6,Player1,WeaponAimed,-35.9583473,,,,
25/11/2024 16:27:02,NULL,WeaponAimed,d879c5a5ec43202c37d1a168311eeab6,Player1,WeaponAimed,-16.9580383,,,,
25/11/2024 16:38:51,NULL,WeaponAimed,50e07bc6eaa32f0ed6cfc154d59accef,Player1,WeaponAimed,0,,,,
25/11/2024 16:38:52,NULL,WeaponAimed,3e1af08e41424128d5df1cbcb45092bc,Player1,WeaponAimed,-28.7308979,,,,
25/11/2024 16:38:52,NULL,EndTorqueApplied,c9e1520167f52e3756db2fcbe3bbdfda,Player1,EndTorqueApplied,,31.2691021,1.824031,,
25/11/2024 16:38:53,NULL,WeaponAimed,acf71f5fc27c1f1eb4eed2ca979b1813,Player1,WeaponAimed,-60,,,,
25/11/2024 17:01:25,NULL,WeaponAimed,a1210c983c5f1d3b39a9184ff2c13b64,Player1,WeaponAimed,0,,,,
25/11/2024 17:01:26,NULL,WeaponAimed,da895283a83ef8848f82b8b0a798008f,Player1,WeaponAimed,54.3985558,,,,
25/11/2024 17:01:27,NULL,WeaponAimed,385030f1d3d6c833d180136481ff02a3,Player1,WeaponAimed,-29.03698,,,,
25/11/2024 17:01:27,NULL,EndTorqueApplied,d27a4f35dd65a4d1e41c0764b77eb6e7,Player1,EndTorqueApplied,,89.03698,5.193824,,
25/11/2024 17:01:28,NULL,WeaponAimed,c50a1813c1472375a4bd90c82fc23c36,Player1,WeaponAimed,60,,,,
25/11/2024 17:07:44,NULL,WeaponAimed,e2718c80a944e7daeba326f099c9ec42,Player1,WeaponAimed,0,,,,
25/11/2024 17:07:44,NULL,WeaponAimed,e2718c80a944e7daeba326f099c9ec42,Player1,WeaponAimed,-36.8252258,,,,
25/11/2024 17:07:44,NULL,WeaponAimed,e2718c80a944e7daeba326f099c9ec42,Player2,WeaponAimed,0,,,,
25/11/2024 17:07:44,NULL,WeaponAimed,e2718c80a944e7daeba326f099c9ec42,Player2,WeaponAimed,3.00484,,,,
25/11/2024 17:07:44,NULL,EndTorqueApplied,b9c7f4ae6daa90fd56e7c0a62b319531,Player1,EndTorqueApplied,,23.1747742,1.35186183,,
25/11/2024 17:07:45,NULL,WeaponAimed,4a9c6fdd5e021d4344dd0dd31c3182f7,Player1,WeaponAimed,-60,,,,
25/11/2024 17:07:45,NULL,WeaponAimed,4a9c6fdd5e021d4344dd0dd31c3182f7,Player2,WeaponAimed,27.6802425,,,,
25/11/2024 17:07:45,NULL,WeaponAimed,4a9c6fdd5e021d4344dd0dd31c3182f7,Player2,WeaponAimed,-7.463997,,,,
25/11/2024 17:19:39,NULL,WeaponAimed,a6d6fb5af007cb8815630b19618c7bd4,Player1,WeaponAimed,0,,,,
25/11/2024 17:19:39,NULL,WeaponAimed,a6d6fb5af007cb8815630b19618c7bd4,Player1,WeaponAimed,44.8327179,,,,
25/11/2024 17:19:39,NULL,EndTorqueApplied,398cadc0a77a817d63c02965353fd305,Player1,EndTorqueApplied,,15.1672821,0.8847581,,
25/11/2024 17:19:40,NULL,WeaponAimed,3b8e8506c56f7f3ddba80f577039c77e,Player1,WeaponAimed,60,,,,
25/11/2024 17:24:52,NULL,WeaponAimed,fa981e39ed673239a287bdb86e4b4903,Player1,WeaponAimed,0,,,,
25/11/2024 17:24:53,NULL,WeaponAimed,13ef728247bc3fe7f54a00f979ac9a4a,Player1,WeaponAimed,43.3189354,,,,
25/11/2024 17:24:53,NULL,EndTorqueApplied,6ad687db4e9cf010e665ce1787c45670,Player1,EndTorqueApplied,,16.6810646,0.9730621,,
25/11/2024 17:24:54,NULL,WeaponAimed,931ccb48b6f9689ca6c05871add034b9,Player1,WeaponAimed,60,,,,
25/11/2024 18:20:33,NULL,Player1Shot,537076a35d724a113b4361c47e0eb1d5,Player1,Player1Shot,,,,(-8.48, 0.00, 0.00),(0.00, 180.00, 0.00)
25/11/2024 18:21:32,NULL,Player1Shot,80acdc57d421e01e8ad5f3d926728c61,Player1,Player1Shot,,,,(-8.07, -1.46, 0.00),(0.00, 180.00, 252.67)
25/11/2024 18:21:38,NULL,Player1Shot,9f508dc79a2ab909758670887c91ea2f,Player1,Player1Shot,,,,(-6.52, -2.53, 0.00),(0.00, 180.00, 283.38)
25/11/2024 18:22:22,NULL,Player1Shot,5bc6322ea2eceeb393e05f7bff2fa6d8,Player1,Player1Shot,,,,(-7.88, 3.79, 0.00),(0.00, 180.00, 92.59)
25/11/2024 18:22:28,NULL,Player1Shot,f23fb3980448e9863a08d69bdf75bc17,Player1,Player1Shot,,,,(-8.86, -3.57, 0.00),(0.00, 180.00, 6.05)
