Timestamp,UserID,Event Name,UUID,Param/player,Param/event,Param/initialRotationAngle,Param/totalAngleTraversed,Param/proportionalForce,Param/position,Param/rotation,Param/matchTime,Param/WinnerID,Param/P1_ShotsFired,Param/P2_ShotsFired,Param/P1_MaxRotationSpeed,Param/P2_MaxRotationSpeed,Param/P1_TotalTorqueApplied,Param/P2_TotalTorqueApplied,Param/P1_AverageSpeed,Param/P2_AverageSpeed,Param/P1_ButtonPressesPerShot,Param/P2_ButtonPressesPerShot,Param/RoundDuration
2/12/2024 14:01:03,NULL,WeaponAimed,4c14570eb314debfd526efb2878713f9,Player1,WeaponAimed,0,,,,,,,,,,,,,,,,,
2/12/2024 15:15:08,NULL,WeaponAimed,c88142965412230f2fb5e4f3cbbfc709,Player2,WeaponAimed,0,,,,,,,,,,,,,,,,,
2/12/2024 15:15:08,NULL,WeaponAimed,c88142965412230f2fb5e4f3cbbfc709,Player1,WeaponAimed,0,,,,,,,,,,,,,,,,,
2/12/2024 15:15:08,NULL,EndTorqueApplied,dca0d759921fe1dbed2903af5b068ac5,Player2,EndTorqueApplied,,60,3.5,,,,,,,,,,,,,,,
2/12/2024 15:15:08,NULL,WeaponAimed,c88142965412230f2fb5e4f3cbbfc709,Player2,WeaponAimed,60,,,,,,,,,,,,,,,,,
2/12/2024 15:15:09,NULL,WeaponAimed,3211361e2d64a4f1aedc04924ff34700,Player1,WeaponAimed,22.24224,,,,,,,,,,,,,,,,,
2/12/2024 15:15:09,NULL,WeaponAimed,3211361e2d64a4f1aedc04924ff34700,Player2,WeaponAimed,-5.585196,,,,,,,,,,,,,,,,,
2/12/2024 15:15:10,NULL,Player2Shot,9b42b6b785d6671ed7e783c560834eb2,Player2,Player2Shot,,,,(3.51, 0.27, 0.00),(0.00, 0.00, 26.64),,,,,,,,,,,,,
2/12/2024 15:15:11,NULL,WeaponAimed,66307663b61f9a065ad0290f1a0a2cb8,Player1,WeaponAimed,41.20786,,,,,,,,,,,,,,,,,
2/12/2024 15:15:11,NULL,EndTorqueApplied,56f8f0ea8b415051a5b19387cf65ca1c,Player1,EndTorqueApplied,,18.79214,1.096208,,,,,,,,,,,,,,,
2/12/2024 15:15:12,NULL,Player1Shot,249e3c3381bb0138b1992f763d019a2a,Player1,Player1Shot,,,,(-2.66, -0.56, 0.00),(0.00, 180.00, 233.40),,,,,,,,,,,,,
2/12/2024 15:15:12,NULL,Player2Shot,a53b7495a70fdb39a92a549f83a691e8,Player2,Player2Shot,,,,(-1.58, -1.71, 0.00),(0.00, 0.00, 138.86),,,,,,,,,,,,,
2/12/2024 15:15:12,NULL,RoundComplete,9ac204774a8da40843886f0454c428a9,,,,,,,,2.697898,1,1,2,82.9409,513.8949,1.096208,0,180.2573,180.4642,1,1,
2/12/2024 15:15:12,NULL,RoundComplete,9ac204774a8da40843886f0454c428a9,,,,,,,,0,1,0,0,0,0,0,0,0,0,1,1,
2/12/2024 15:15:14,NULL,Player1Shot,e7591315bebb4458294e99dec4876238,Player1,Player1Shot,,,,(-5.83, 3.81, 0.00),(0.00, 180.00, 227.56),,,,,,,,,,,,,
2/12/2024 15:15:15,NULL,WeaponAimed,121a955194040665a6e599a040c7ba8f,Player1,WeaponAimed,60,,,,,,,,,,,,,,,,,
2/12/2024 15:15:15,NULL,Player2Shot,c121388bf6efb05e3417b323ad75b81d,Player2,Player2Shot,,,,(-2.64, -2.54, 0.00),(0.00, 0.00, 138.66),,,,,,,,,,,,,
2/12/2024 15:15:16,NULL,Player2Shot,de86f242d9d1a2dee3581cad56ca112d,Player2,Player2Shot,,,,(-1.05, -3.67, 0.00),(0.00, 0.00, 192.34),,,,,,,,,,,,,
2/12/2024 15:15:16,NULL,WeaponAimed,9b2fa6e72b35ccc680141d831f23f9aa,Player1,WeaponAimed,-24.5889,,,,,,,,,,,,,,,,,
2/12/2024 15:15:17,NULL,WeaponAimed,bd87f607e252290e2c994d282571c673,Player2,WeaponAimed,26.64286,,,,,,,,,,,,,,,,,
2/12/2024 15:15:18,NULL,WeaponAimed,509c7e90b1b7fbfbe682b73f9bd20771,Player1,WeaponAimed,2.768157,,,,,,,,,,,,,,,,,
2/12/2024 15:15:18,NULL,WeaponAimed,509c7e90b1b7fbfbe682b73f9bd20771,Player2,WeaponAimed,-2.033196,,,,,,,,,,,,,,,,,
2/12/2024 15:15:18,NULL,EndTorqueApplied,5e0e22ebb7d602d2b26649716483dbd3,Player1,EndTorqueApplied,,57.23184,3.338524,,,,,,,,,,,,,,,
2/12/2024 15:15:18,NULL,EndTorqueApplied,5e0e22ebb7d602d2b26649716483dbd3,Player2,EndTorqueApplied,,62.0332,3.618603,,,,,,,,,,,,,,,
2/12/2024 15:15:18,NULL,WeaponAimed,509c7e90b1b7fbfbe682b73f9bd20771,Player1,WeaponAimed,60,,,,,,,,,,,,,,,,,
2/12/2024 15:15:19,NULL,WeaponAimed,dd969d4587732d88bf4a1841d247cc23,Player2,WeaponAimed,60,,,,,,,,,,,,,,,,,
2/12/2024 15:15:19,NULL,WeaponAimed,dd969d4587732d88bf4a1841d247cc23,Player2,WeaponAimed,-19.90011,,,,,,,,,,,,,,,,,
2/12/2024 15:15:20,NULL,EndTorqueApplied,d70447179a64f227d7649e4b19931d7a,Player2,EndTorqueApplied,,79.90012,4.66084,,,,,,,,,,,,,,,
2/12/2024 15:15:20,NULL,WeaponAimed,5c04eb1f29ec78a0a88692ada8df8429,Player2,WeaponAimed,60,,,,,,,,,,,,,,,,,
2/12/2024 15:15:20,NULL,Player1Shot,08b891c0ede353ed5ab8bfe417fdc2f6,Player1,Player1Shot,,,,(-0.66, -4.14, 0.00),(0.00, 180.00, 157.42),,,,,,,,,,,,,
2/12/2024 15:15:20,NULL,WeaponAimed,5c04eb1f29ec78a0a88692ada8df8429,Player2,WeaponAimed,7.403158,,,,,,,,,,,,,,,,,
2/12/2024 15:15:20,NULL,EndTorqueApplied,d70447179a64f227d7649e4b19931d7a,Player2,EndTorqueApplied,,52.59684,3.068149,,,,,,,,,,,,,,,
2/12/2024 15:15:21,NULL,WeaponAimed,a5e9ba5ca7a1afd8017a43882e473d3c,Player2,WeaponAimed,60,,,,,,,,,,,,,,,,,
2/12/2024 15:15:21,NULL,WeaponAimed,a5e9ba5ca7a1afd8017a43882e473d3c,Player2,WeaponAimed,13.67954,,,,,,,,,,,,,,,,,
2/12/2024 15:15:21,NULL,EndTorqueApplied,b536a90ce7b81dd0e4d1d29b4631ed69,Player2,EndTorqueApplied,,46.32047,2.702027,,,,,,,,,,,,,,,
2/12/2024 15:15:21,NULL,Player1Shot,251d415f96d7c8289127fc1a804d0e06,Player1,Player1Shot,,,,(-1.93, -4.20, 0.00),(0.00, 180.00, 196.79),,,,,,,,,,,,,
2/12/2024 15:15:21,NULL,WeaponAimed,a5e9ba5ca7a1afd8017a43882e473d3c,Player2,WeaponAimed,60,,,,,,,,,,,,,,,,,
2/12/2024 15:15:22,NULL,WeaponAimed,f0a86bb3d7b68e4ac9fb39491d865e99,Player1,WeaponAimed,2.487287,,,,,,,,,,,,,,,,,
2/12/2024 15:15:22,NULL,WeaponAimed,f0a86bb3d7b68e4ac9fb39491d865e99,Player1,WeaponAimed,-11.97604,,,,,,,,,,,,,,,,,
2/12/2024 15:15:22,NULL,EndTorqueApplied,ccb7c3dcf93b2694ab017b6129f8f48f,Player2,EndTorqueApplied,,120,7,,,,,,,,,,,,,,,
2/12/2024 15:15:22,NULL,EndTorqueApplied,ccb7c3dcf93b2694ab017b6129f8f48f,Player1,EndTorqueApplied,,71.97604,4.198602,,,,,,,,,,,,,,,
2/12/2024 15:15:22,NULL,WeaponAimed,f0a86bb3d7b68e4ac9fb39491d865e99,Player2,WeaponAimed,-60,,,,,,,,,,,,,,,,,
2/12/2024 15:15:23,NULL,WeaponAimed,773adb5b093bfb83fea9ccc29c663677,Player2,WeaponAimed,-37.41546,,,,,,,,,,,,,,,,,
2/12/2024 15:15:23,NULL,EndTorqueApplied,a5c8cdd2312f0b58319ac27b3c2f71ad,Player2,EndTorqueApplied,,22.58454,1.317431,,,,,,,,,,,,,,,
2/12/2024 15:15:23,NULL,WeaponAimed,773adb5b093bfb83fea9ccc29c663677,Player1,WeaponAimed,60,,,,,,,,,,,,,,,,,
2/12/2024 15:15:23,NULL,WeaponAimed,773adb5b093bfb83fea9ccc29c663677,Player2,WeaponAimed,-60,,,,,,,,,,,,,,,,,
2/12/2024 15:15:23,NULL,WeaponAimed,773adb5b093bfb83fea9ccc29c663677,Player2,WeaponAimed,-21.70403,,,,,,,,,,,,,,,,,
2/12/2024 15:15:23,NULL,EndTorqueApplied,a5c8cdd2312f0b58319ac27b3c2f71ad,Player2,EndTorqueApplied,,38.29597,2.233931,,,,,,,,,,,,,,,
2/12/2024 15:15:24,NULL,WeaponAimed,0a457661e22fa74da89634554a762eb4,Player1,WeaponAimed,32.74836,,,,,,,,,,,,,,,,,
2/12/2024 15:15:24,NULL,WeaponAimed,0a457661e22fa74da89634554a762eb4,Player2,WeaponAimed,-60,,,,,,,,,,,,,,,,,
2/12/2024 15:15:24,NULL,EndTorqueApplied,40759cf6bfa236e3e1d2140271f99250,Player1,EndTorqueApplied,,27.25164,1.589679,,,,,,,,,,,,,,,
2/12/2024 15:15:24,NULL,WeaponAimed,0a457661e22fa74da89634554a762eb4,Player2,WeaponAimed,-21.41894,,,,,,,,,,,,,,,,,
2/12/2024 15:15:24,NULL,EndTorqueApplied,40759cf6bfa236e3e1d2140271f99250,Player2,EndTorqueApplied,,38.58106,2.250562,,,,,,,,,,,,,,,
2/12/2024 15:15:24,NULL,WeaponAimed,0a457661e22fa74da89634554a762eb4,Player2,WeaponAimed,-60,,,,,,,,,,,,,,,,,
2/12/2024 15:15:24,NULL,WeaponAimed,0a457661e22fa74da89634554a762eb4,Player2,WeaponAimed,-21.78193,,,,,,,,,,,,,,,,,
2/12/2024 15:15:25,NULL,WeaponAimed,476c6c7ac1e09fb84707815f9ff77940,Player1,WeaponAimed,60,,,,,,,,,,,,,,,,,
2/12/2024 15:15:25,NULL,EndTorqueApplied,50768b7f1c7771ecf7fbccf791a29f3a,Player2,EndTorqueApplied,,38.21807,2.229388,,,,,,,,,,,,,,,
2/12/2024 15:15:25,NULL,WeaponAimed,476c6c7ac1e09fb84707815f9ff77940,Player2,WeaponAimed,-60,,,,,,,,,,,,,,,,,
2/12/2024 15:15:25,NULL,WeaponAimed,476c6c7ac1e09fb84707815f9ff77940,Player2,WeaponAimed,-32.5383,,,,,,,,,,,,,,,,,
2/12/2024 15:15:25,NULL,EndTorqueApplied,50768b7f1c7771ecf7fbccf791a29f3a,Player2,EndTorqueApplied,,27.4617,1.601933,,,,,,,,,,,,,,,
2/12/2024 15:15:26,NULL,WeaponAimed,c9e7442c6e7f3753ec17b3edcaeec62c,Player2,WeaponAimed,-60,,,,,,,,,,,,,,,,,
2/12/2024 15:15:26,NULL,WeaponAimed,c9e7442c6e7f3753ec17b3edcaeec62c,Player2,WeaponAimed,-8.744983,,,,,,,,,,,,,,,,,
2/12/2024 15:15:26,NULL,WeaponAimed,c9e7442c6e7f3753ec17b3edcaeec62c,Player2,WeaponAimed,-47.01719,,,,,,,,,,,,,,,,,
2/12/2024 15:15:26,NULL,Player1Shot,0ef89385dd584a7e9bd34f5c5adfef2f,Player1,Player1Shot,,,,(-3.76, 4.24, 0.00),(0.00, 180.00, 281.64),,,,,,,,,,,,,
2/12/2024 15:15:27,NULL,RoundComplete,cc7d260774bfd117f705ffa1d2f6f7d5,,,,,,,,15.0591,1,4,2,0,1703.242,9.126805,30.68286,821.8025,821.7305,0,2,
2/12/2024 15:15:28,NULL,Player2Shot,c511cd2805fa19631ff62b8555170890,Player2,Player2Shot,,,,(-7.15, -0.59, 0.00),(0.00, 0.00, 299.64),,,,,,,,,,,,,
2/12/2024 15:15:29,NULL,RoundEnded,5a3d5bce4c7b358ae77fa87ab0506b54,,,,,,,,,,,,,,,,,,,,23.76402
2/12/2024 15:15:29,NULL,WeaponAimed,ffa8f5bc70b5fceebd3c00a790e3c46e,Player2,WeaponAimed,-58.26478,,,,,,,,,,,,,,,,,
2/12/2024 15:15:31,NULL,WeaponAimed,9e1c604c07469ab7046cbc81c244b6d4,Player2,WeaponAimed,35.98436,,,,,,,,,,,,,,,,,
2/12/2024 15:15:31,NULL,EndTorqueApplied,aea4ceb8989df76d0dd7bb63171c96ef,Player2,EndTorqueApplied,,24.01564,1.400912,,,,,,,,,,,,,,,
2/12/2024 15:15:31,NULL,WeaponAimed,9e1c604c07469ab7046cbc81c244b6d4,Player1,WeaponAimed,12.10817,,,,,,,,,,,,,,,,,
2/12/2024 15:15:32,NULL,EndTorqueApplied,1ccc89b253ab4d0603e290f18f49e15b,Player1,EndTorqueApplied,,47.89183,2.79369,,,,,,,,,,,,,,,
2/12/2024 15:15:32,NULL,WeaponAimed,4cc5f50e03ddf00a3182491fd471bb79,Player1,WeaponAimed,60,,,,,,,,,,,,,,,,,
2/12/2024 15:15:33,NULL,WeaponAimed,0ad4793c6c5be544c5c291d121b9b462,Player2,WeaponAimed,60,,,,,,,,,,,,,,,,,
2/12/2024 15:15:35,NULL,WeaponAimed,beb02eff14a8b6e16cb864d117db0937,Player2,WeaponAimed,5.780674,,,,,,,,,,,,,,,,,
2/12/2024 15:15:35,NULL,EndTorqueApplied,eecb59ab360d9cd7db97e38b26a19912,Player2,EndTorqueApplied,,54.21933,3.162794,,,,,,,,,,,,,,,
2/12/2024 15:15:35,NULL,WeaponAimed,beb02eff14a8b6e16cb864d117db0937,Player1,WeaponAimed,39.09574,,,,,,,,,,,,,,,,,
2/12/2024 15:15:35,NULL,EndTorqueApplied,eecb59ab360d9cd7db97e38b26a19912,Player1,EndTorqueApplied,,20.90426,1.219415,,,,,,,,,,,,,,,
2/12/2024 15:15:35,NULL,WeaponAimed,beb02eff14a8b6e16cb864d117db0937,Player2,WeaponAimed,60,,,,,,,,,,,,,,,,,
2/12/2024 15:15:36,NULL,WeaponAimed,46dc6366029cff5ebf76a4de4ac3c401,Player2,WeaponAimed,24.82377,,,,,,,,,,,,,,,,,
2/12/2024 15:15:36,NULL,EndTorqueApplied,d3f243d22b6a0bf41cf7f47556e3892d,Player2,EndTorqueApplied,,35.17623,2.051947,,,,,,,,,,,,,,,
2/12/2024 15:15:36,NULL,WeaponAimed,46dc6366029cff5ebf76a4de4ac3c401,Player1,WeaponAimed,60,,,,,,,,,,,,,,,,,
2/12/2024 15:15:36,NULL,WeaponAimed,46dc6366029cff5ebf76a4de4ac3c401,Player1,WeaponAimed,34.26159,,,,,,,,,,,,,,,,,
2/12/2024 15:15:36,NULL,EndTorqueApplied,d3f243d22b6a0bf41cf7f47556e3892d,Player1,EndTorqueApplied,,25.73841,1.501407,,,,,,,,,,,,,,,
2/12/2024 15:15:36,NULL,WeaponAimed,46dc6366029cff5ebf76a4de4ac3c401,Player1,WeaponAimed,60,,,,,,,,,,,,,,,,,
2/12/2024 15:15:36,NULL,EndTorqueApplied,d3f243d22b6a0bf41cf7f47556e3892d,Player1,EndTorqueApplied,,0,0,,,,,,,,,,,,,,,
2/12/2024 15:15:37,NULL,Player2Shot,1317409470a06553097e78ccf4008c22,Player2,Player2Shot,,,,(2.40, -0.09, 0.00),(0.00, 0.00, 187.65),,,,,,,,,,,,,
2/12/2024 15:15:38,NULL,Player1Shot,a73700f1234032f40a685a20b3808355,Player1,Player1Shot,,,,(-2.34, 0.12, 0.00),(0.00, 180.00, 152.84),,,,,,,,,,,,,
2/12/2024 15:15:38,NULL,WeaponAimed,6f3bdbaa6b0befab2c9f203d650f8e0c,Player1,WeaponAimed,60,,,,,,,,,,,,,,,,,
2/12/2024 15:15:40,NULL,Player2Shot,d34a6d03dc2bffd8a7be240f57ed5e23,Player2,Player2Shot,,,,(6.88, 0.67, 0.00),(0.00, 0.00, 210.95),,,,,,,,,,,,,
2/12/2024 15:15:40,NULL,Player1Shot,77aace028002898b599efcbd98b41ff9,Player1,Player1Shot,,,,(-7.03, -2.40, 0.00),(0.00, 180.00, 172.31),,,,,,,,,,,,,
2/12/2024 15:15:41,NULL,WeaponAimed,421121e61e32a75f0dcd9fea6a164a88,Player2,WeaponAimed,60,,,,,,,,,,,,,,,,,
2/12/2024 15:15:41,NULL,WeaponAimed,421121e61e32a75f0dcd9fea6a164a88,Player1,WeaponAimed,-19.82071,,,,,,,,,,,,,,,,,
2/12/2024 15:15:41,NULL,EndTorqueApplied,acfbd9a120a5503f345e319fb0df5750,Player1,EndTorqueApplied,,40.17929,2.343792,,,,,,,,,,,,,,,
2/12/2024 15:15:41,NULL,WeaponAimed,421121e61e32a75f0dcd9fea6a164a88,Player1,WeaponAimed,-60,,,,,,,,,,,,,,,,,
2/12/2024 15:15:42,NULL,EndTorqueApplied,7d336c2071c6d2a7bdb14c4b07266f4b,Player2,EndTorqueApplied,,120,7,,,,,,,,,,,,,,,
2/12/2024 15:15:42,NULL,EndTorqueApplied,7d336c2071c6d2a7bdb14c4b07266f4b,Player1,EndTorqueApplied,,120,7,,,,,,,,,,,,,,,
2/12/2024 15:15:42,NULL,WeaponAimed,4018eeef038a0749318272e798b8ee7b,Player2,WeaponAimed,-60,,,,,,,,,,,,,,,,,
2/12/2024 15:15:43,NULL,WeaponAimed,d1f9d120eba67ef3d16bf967e7619e52,Player1,WeaponAimed,60,,,,,,,,,,,,,,,,,
2/12/2024 15:15:43,NULL,EndTorqueApplied,e12816a7ee2f8dd07d67cea22832ee6a,Player2,EndTorqueApplied,,120,7,,,,,,,,,,,,,,,
2/12/2024 15:15:43,NULL,WeaponAimed,d1f9d120eba67ef3d16bf967e7619e52,Player1,WeaponAimed,32.82535,,,,,,,,,,,,,,,,,
2/12/2024 15:15:43,NULL,WeaponAimed,d1f9d120eba67ef3d16bf967e7619e52,Player2,WeaponAimed,60,,,,,,,,,,,,,,,,,
2/12/2024 15:15:43,NULL,WeaponAimed,d1f9d120eba67ef3d16bf967e7619e52,Player2,WeaponAimed,8.607731,,,,,,,,,,,,,,,,,
2/12/2024 15:15:44,NULL,WeaponAimed,48ffb400d959b61b9dbe5e68d25a6811,Player1,WeaponAimed,-16.80565,,,,,,,,,,,,,,,,,
2/12/2024 15:15:44,NULL,EndTorqueApplied,30872b97ef6371b8dfd68a1bf3bbc06d,Player2,EndTorqueApplied,,51.39227,2.997882,,,,,,,,,,,,,,,
2/12/2024 15:15:45,NULL,Player1Shot,5feb8bebf4139977258e123463186c34,Player1,Player1Shot,,,,(1.38, -4.35, 0.00),(0.00, 180.00, 122.63),,,,,,,,,,,,,
2/12/2024 15:15:45,NULL,WeaponAimed,c31a5c9fe2247ac203571019054c8901,Player2,WeaponAimed,60,,,,,,,,,,,,,,,,,
2/12/2024 15:15:46,NULL,WeaponAimed,0196cd2884ba4de0eb7f8ac78418ba64,Player2,WeaponAimed,-26.46943,,,,,,,,,,,,,,,,,
2/12/2024 15:15:46,NULL,Player1Shot,cb22eee6ff3b5e2d9782d1bf10f4b063,Player1,Player1Shot,,,,(2.02, -3.24, 0.00),(0.00, 180.00, 109.52),,,,,,,,,,,,,
2/12/2024 15:15:47,NULL,WeaponAimed,ab0e67687d71586d19ccc0bab0f7dafb,Player2,WeaponAimed,51.66503,,,,,,,,,,,,,,,,,
2/12/2024 15:15:47,NULL,WeaponAimed,ab0e67687d71586d19ccc0bab0f7dafb,Player2,WeaponAimed,11.63198,,,,,,,,,,,,,,,,,
2/12/2024 15:15:48,NULL,EndTorqueApplied,695315e990236f4ff8d9acc1d50caeb5,Player2,EndTorqueApplied,,48.36802,2.821468,,,,,,,,,,,,,,,
2/12/2024 15:15:48,NULL,Player1Shot,0e497770470ce3a1b0a2b6a66c4c0373,Player1,Player1Shot,,,,(1.56, -4.02, 0.00),(0.00, 180.00, 108.06),,,,,,,,,,,,,
2/12/2024 15:15:48,NULL,RoundComplete,a661a5c4502c037b467c91f71ea6f416,,,,,,,,12.4716,1,5,3,742.7672,348.3601,10.8452,21.8713,-151.2282,-151.1869,0,1,
2/12/2024 15:15:49,NULL,Player2Shot,e5360b7417711d266e465c11c78991e1,Player2,Player2Shot,,,,(4.66, 0.38, 0.00),(0.00, 0.00, 292.46),,,,,,,,,,,,,
2/12/2024 15:15:49,NULL,WeaponAimed,b4d5f02446f2a655c888efa57024ee22,Player1,WeaponAimed,-40.87715,,,,,,,,,,,,,,,,,
2/12/2024 15:15:50,NULL,EndTorqueApplied,0f97633b0f8a499b04e1ffed66c7bcd4,Player1,EndTorqueApplied,,100.8772,5.884501,,,,,,,,,,,,,,,
2/12/2024 15:15:50,NULL,RoundEnded,a78ed2f99e292476b0455cfc837903c4,,,,,,,,,,,,,,,,,,,,21.47928
2/12/2024 15:15:51,NULL,WeaponAimed,9b1f29d0e1b35b7f5a11b716c03f9249,Player2,WeaponAimed,60,,,,,,,,,,,,,,,,,
2/12/2024 15:15:51,NULL,WeaponAimed,9b1f29d0e1b35b7f5a11b716c03f9249,Player1,WeaponAimed,60,,,,,,,,,,,,,,,,,
2/12/2024 15:15:52,NULL,WeaponAimed,211ab71c6fafbc530ad53c9c50a6b5ee,Player2,WeaponAimed,-42.3055,,,,,,,,,,,,,,,,,
2/12/2024 15:15:52,NULL,EndTorqueApplied,592924a8e2a06fd0f3a78af251a74e95,Player2,EndTorqueApplied,,17.6945,1.032179,,,,,,,,,,,,,,,
2/12/2024 15:15:53,NULL,WeaponAimed,2b6894e390b99511b6e6a3c388cb4c87,Player2,WeaponAimed,-60,,,,,,,,,,,,,,,,,
2/12/2024 15:15:53,NULL,WeaponAimed,2b6894e390b99511b6e6a3c388cb4c87,Player1,WeaponAimed,21.57587,,,,,,,,,,,,,,,,,
2/12/2024 15:15:53,NULL,EndTorqueApplied,33dec08d5d40dacc4a7d01fdf2c0a6e9,Player1,EndTorqueApplied,,38.42413,2.241408,,,,,,,,,,,,,,,
2/12/2024 15:15:53,NULL,WeaponAimed,2b6894e390b99511b6e6a3c388cb4c87,Player2,WeaponAimed,-0.8230003,,,,,,,,,,,,,,,,,
2/12/2024 15:15:53,NULL,WeaponAimed,2b6894e390b99511b6e6a3c388cb4c87,Player1,WeaponAimed,60,,,,,,,,,,,,,,,,,
2/12/2024 15:15:53,NULL,WeaponAimed,2b6894e390b99511b6e6a3c388cb4c87,Player2,WeaponAimed,-51.98371,,,,,,,,,,,,,,,,,
2/12/2024 15:15:54,NULL,WeaponAimed,572aafdf31f649eca7641c1ac6e85573,Player2,WeaponAimed,0.5817729,,,,,,,,,,,,,,,,,
2/12/2024 15:15:54,NULL,WeaponAimed,572aafdf31f649eca7641c1ac6e85573,Player2,WeaponAimed,-57.35327,,,,,,,,,,,,,,,,,
2/12/2024 15:15:57,NULL,WeaponAimed,a484c8a22b9bdd7b01c973974e972e82,Player1,WeaponAimed,13.47491,,,,,,,,,,,,,,,,,
2/12/2024 15:15:57,NULL,EndTorqueApplied,290d279bef43161a98bb943c80f2307d,Player1,EndTorqueApplied,,46.52509,2.713964,,,,,,,,,,,,,,,
2/12/2024 15:15:57,NULL,WeaponAimed,a484c8a22b9bdd7b01c973974e972e82,Player2,WeaponAimed,-7.918797,,,,,,,,,,,,,,,,,
2/12/2024 15:15:57,NULL,EndTorqueApplied,290d279bef43161a98bb943c80f2307d,Player2,EndTorqueApplied,,52.0812,3.03807,,,,,,,,,,,,,,,
2/12/2024 15:15:57,NULL,WeaponAimed,a484c8a22b9bdd7b01c973974e972e82,Player1,WeaponAimed,60,,,,,,,,,,,,,,,,,
2/12/2024 15:15:57,NULL,WeaponAimed,a484c8a22b9bdd7b01c973974e972e82,Player1,WeaponAimed,28.20978,,,,,,,,,,,,,,,,,
2/12/2024 15:15:57,NULL,EndTorqueApplied,290d279bef43161a98bb943c80f2307d,Player1,EndTorqueApplied,,31.79022,1.85443,,,,,,,,,,,,,,,
2/12/2024 15:15:58,NULL,WeaponAimed,bbbf27fc39fb6546fc3131e51e7682bc,Player2,WeaponAimed,-60,,,,,,,,,,,,,,,,,
2/12/2024 15:15:58,NULL,WeaponAimed,bbbf27fc39fb6546fc3131e51e7682bc,Player2,WeaponAimed,-21.3447,,,,,,,,,,,,,,,,,
2/12/2024 15:15:58,NULL,EndTorqueApplied,5322ea171f382230473ba52607600817,Player2,EndTorqueApplied,,38.6553,2.254892,,,,,,,,,,,,,,,
2/12/2024 15:15:58,NULL,Player1Shot,51baa0a919f61066a1ab0f4ef6a6e1e2,Player1,Player1Shot,,,,(-2.32, -0.10, 0.00),(0.00, 180.00, 173.90),,,,,,,,,,,,,
2/12/2024 15:15:58,NULL,Player2Shot,aaaa5e3ff31eb54995b26547be95bd16,Player2,Player2Shot,,,,(2.67, -0.43, 0.00),(0.00, 0.00, 225.79),,,,,,,,,,,,,
2/12/2024 15:15:59,NULL,RoundComplete,8364fadede48ef43becbda06f1a11fe7,,,,,,,,1.450773,1,1,2,1109.996,96.74103,7.73893,2.254892,-191.8456,-191.5192,1,1,
2/12/2024 15:16:00,NULL,WeaponAimed,d18cad65d64f8dca5a35090747de630f,Player2,WeaponAimed,-60,,,,,,,,,,,,,,,,,
2/12/2024 15:16:00,NULL,WeaponAimed,d18cad65d64f8dca5a35090747de630f,Player2,WeaponAimed,-21.60522,,,,,,,,,,,,,,,,,
2/12/2024 15:16:01,NULL,WeaponAimed,d6df098c682a8f0bb6b679def7bd75d9,Player2,WeaponAimed,-53.44908,,,,,,,,,,,,,,,,,
2/12/2024 15:16:01,NULL,RoundEnded,26eac25f8507169a968cd1b37f70705c,,,,,,,,,,,,,,,,,,,,10.45912
2/12/2024 15:16:01,NULL,WeaponAimed,d6df098c682a8f0bb6b679def7bd75d9,Player2,WeaponAimed,-23.03937,,,,,,,,,,,,,,,,,
2/12/2024 15:16:01,NULL,WeaponAimed,d6df098c682a8f0bb6b679def7bd75d9,Player2,WeaponAimed,-53.2422,,,,,,,,,,,,,,,,,
2/12/2024 15:16:01,NULL,WeaponAimed,d6df098c682a8f0bb6b679def7bd75d9,Player2,WeaponAimed,-19.64383,,,,,,,,,,,,,,,,,
2/12/2024 15:16:01,NULL,EndTorqueApplied,e0ad84c73918e5c08692139d41439c97,Player2,EndTorqueApplied,,40.35617,2.35411,,,,,,,,,,,,,,,
2/12/2024 15:16:02,NULL,WeaponAimed,2d254356b49c172e6188515cb14d03ee,Player2,WeaponAimed,-60,,,,,,,,,,,,,,,,,
2/12/2024 15:16:02,NULL,WeaponAimed,2d254356b49c172e6188515cb14d03ee,Player1,WeaponAimed,60,,,,,,,,,,,,,,,,,
2/12/2024 15:16:02,NULL,EndTorqueApplied,81cafb84a136c44a0ff867a614a5b668,Player2,EndTorqueApplied,,120,7,,,,,,,,,,,,,,,
2/12/2024 15:16:03,NULL,WeaponAimed,dbf17a287a36c60ef1a3ace83c6109f0,Player2,WeaponAimed,60,,,,,,,,,,,,,,,,,
2/12/2024 15:16:03,NULL,EndTorqueApplied,26fb8bba406a98b34c8b8cabf586a1f2,Player2,EndTorqueApplied,,0,0,,,,,,,,,,,,,,,
2/12/2024 15:16:03,NULL,WeaponAimed,dbf17a287a36c60ef1a3ace83c6109f0,Player2,WeaponAimed,21.63372,,,,,,,,,,,,,,,,,
2/12/2024 15:16:03,NULL,EndTorqueApplied,26fb8bba406a98b34c8b8cabf586a1f2,Player2,EndTorqueApplied,,38.36628,2.238033,,,,,,,,,,,,,,,
2/12/2024 15:16:03,NULL,WeaponAimed,dbf17a287a36c60ef1a3ace83c6109f0,Player2,WeaponAimed,60,,,,,,,,,,,,,,,,,
2/12/2024 15:16:03,NULL,EndTorqueApplied,26fb8bba406a98b34c8b8cabf586a1f2,Player2,EndTorqueApplied,,0,0,,,,,,,,,,,,,,,
2/12/2024 15:16:03,NULL,WeaponAimed,dbf17a287a36c60ef1a3ace83c6109f0,Player2,WeaponAimed,31.10902,,,,,,,,,,,,,,,,,
2/12/2024 15:16:04,NULL,EndTorqueApplied,cb8b356495acf3a476317ad66079a7f9,Player2,EndTorqueApplied,,28.89098,1.685307,,,,,,,,,,,,,,,
2/12/2024 15:16:04,NULL,WeaponAimed,2da9d9e44ee13c5fc6ec3c1e1ba2df1a,Player2,WeaponAimed,60,,,,,,,,,,,,,,,,,
2/12/2024 15:16:04,NULL,EndTorqueApplied,cb8b356495acf3a476317ad66079a7f9,Player2,EndTorqueApplied,,0,0,,,,,,,,,,,,,,,
2/12/2024 15:16:04,NULL,WeaponAimed,2da9d9e44ee13c5fc6ec3c1e1ba2df1a,Player2,WeaponAimed,3.848269,,,,,,,,,,,,,,,,,
2/12/2024 15:16:04,NULL,EndTorqueApplied,cb8b356495acf3a476317ad66079a7f9,Player2,EndTorqueApplied,,56.15173,3.275517,,,,,,,,,,,,,,,
2/12/2024 15:16:04,NULL,WeaponAimed,2da9d9e44ee13c5fc6ec3c1e1ba2df1a,Player2,WeaponAimed,60,,,,,,,,,,,,,,,,,
2/12/2024 15:16:04,NULL,EndTorqueApplied,cb8b356495acf3a476317ad66079a7f9,Player2,EndTorqueApplied,,0,0,,,,,,,,,,,,,,,
2/12/2024 15:16:05,NULL,WeaponAimed,ffc215996edde2533c9f767c9de4e42c,Player2,WeaponAimed,7.323212,,,,,,,,,,,,,,,,,
2/12/2024 15:16:05,NULL,EndTorqueApplied,f2dac44580055a866c30f03f1c85d048,Player2,EndTorqueApplied,,52.67679,3.072813,,,,,,,,,,,,,,,
2/12/2024 15:16:05,NULL,WeaponAimed,ffc215996edde2533c9f767c9de4e42c,Player2,WeaponAimed,60,,,,,,,,,,,,,,,,,
2/12/2024 15:16:05,NULL,EndTorqueApplied,f2dac44580055a866c30f03f1c85d048,Player2,EndTorqueApplied,,0,0,,,,,,,,,,,,,,,
2/12/2024 15:16:05,NULL,WeaponAimed,ffc215996edde2533c9f767c9de4e42c,Player2,WeaponAimed,23.1808,,,,,,,,,,,,,,,,,
2/12/2024 15:16:05,NULL,EndTorqueApplied,f2dac44580055a866c30f03f1c85d048,Player2,EndTorqueApplied,,36.8192,2.147787,,,,,,,,,,,,,,,
2/12/2024 15:16:06,NULL,WeaponAimed,11ca5c7216258c02d6534b403e155805,Player2,WeaponAimed,60,,,,,,,,,,,,,,,,,
2/12/2024 15:16:06,NULL,WeaponAimed,11ca5c7216258c02d6534b403e155805,Player2,WeaponAimed,13.77621,,,,,,,,,,,,,,,,,
2/12/2024 15:16:06,NULL,EndTorqueApplied,9c631ee8ff3b4162145675c70ff06096,Player2,EndTorqueApplied,,46.22379,2.696388,,,,,,,,,,,,,,,
2/12/2024 15:16:06,NULL,WeaponAimed,11ca5c7216258c02d6534b403e155805,Player2,WeaponAimed,60,,,,,,,,,,,,,,,,,
2/12/2024 15:16:06,NULL,EndTorqueApplied,9c631ee8ff3b4162145675c70ff06096,Player2,EndTorqueApplied,,0,0,,,,,,,,,,,,,,,
2/12/2024 15:16:06,NULL,WeaponAimed,11ca5c7216258c02d6534b403e155805,Player2,WeaponAimed,26.3838,,,,,,,,,,,,,,,,,
2/12/2024 15:16:06,NULL,EndTorqueApplied,9c631ee8ff3b4162145675c70ff06096,Player2,EndTorqueApplied,,33.6162,1.960945,,,,,,,,,,,,,,,
2/12/2024 15:16:07,NULL,WeaponAimed,3c585ca4ade61fca7db8cae89a4d3dd6,Player2,WeaponAimed,60,,,,,,,,,,,,,,,,,
2/12/2024 15:16:07,NULL,EndTorqueApplied,710092825f3ec2f7dd4833dd6cf8f586,Player2,EndTorqueApplied,,0,0,,,,,,,,,,,,,,,
2/12/2024 15:16:07,NULL,WeaponAimed,3c585ca4ade61fca7db8cae89a4d3dd6,Player2,WeaponAimed,-53.62302,,,,,,,,,,,,,,,,,
2/12/2024 15:16:07,NULL,EndTorqueApplied,710092825f3ec2f7dd4833dd6cf8f586,Player2,EndTorqueApplied,,6.376984,0.3719907,,,,,,,,,,,,,,,
2/12/2024 15:16:08,NULL,WeaponAimed,f4169db66c4e1b78a6d475b8744934c9,Player2,WeaponAimed,-60,,,,,,,,,,,,,,,,,
2/12/2024 15:16:08,NULL,WeaponAimed,f4169db66c4e1b78a6d475b8744934c9,Player2,WeaponAimed,-5.74759,,,,,,,,,,,,,,,,,
2/12/2024 15:16:08,NULL,WeaponAimed,f4169db66c4e1b78a6d475b8744934c9,Player2,WeaponAimed,-53.35643,,,,,,,,,,,,,,,,,
2/12/2024 15:16:09,NULL,EndTorqueApplied,e17da02649796c5ba24645dfb6446584,Player2,EndTorqueApplied,,113.3564,6.612458,,,,,,,,,,,,,,,
2/12/2024 15:16:09,NULL,Player2Shot,d97bf77999bc622d6ec7ea5970f77c06,Player2,Player2Shot,,,,(2.62, 0.45, 0.00),(0.00, 0.00, 129.76),,,,,,,,,,,,,
2/12/2024 15:16:09,NULL,WeaponAimed,4137ba3a3ccebb553f5ee47247872057,Player1,WeaponAimed,32.88809,,,,,,,,,,,,,,,,,
2/12/2024 15:16:09,NULL,EndTorqueApplied,e17da02649796c5ba24645dfb6446584,Player1,EndTorqueApplied,,27.11191,1.581528,,,,,,,,,,,,,,,
2/12/2024 15:16:10,NULL,Player2Shot,a2b5ecd71076569539ed753bb035ab17,Player2,Player2Shot,,,,(5.42, -2.01, 0.00),(0.00, 0.00, 32.30),,,,,,,,,,,,,
2/12/2024 15:16:10,NULL,Player1Shot,8d190700e05bad9af3ae8364547788ef,Player1,Player1Shot,,,,(-2.36, -0.23, 0.00),(0.00, 180.00, 187.89),,,,,,,,,,,,,
2/12/2024 15:16:11,NULL,WeaponAimed,cb9400c797e93fecda4b1bbc9d49ce8c,Player1,WeaponAimed,60,,,,,,,,,,,,,,,,,
2/12/2024 15:16:12,NULL,WeaponAimed,65e9a5cb1b1ad966d575121a927528b3,Player2,WeaponAimed,60,,,,,,,,,,,,,,,,,
2/12/2024 15:16:12,NULL,EndTorqueApplied,54ca34f30373a8e5a1e0a5e9a14243dd,Player1,EndTorqueApplied,,120,7,,,,,,,,,,,,,,,
2/12/2024 15:16:12,NULL,Player1Shot,3bc89a531646b424728000e3ffde6524,Player1,Player1Shot,,,,(-7.51, -0.04, 0.00),(0.00, 180.00, 291.71),,,,,,,,,,,,,
2/12/2024 15:16:12,NULL,EndTorqueApplied,54ca34f30373a8e5a1e0a5e9a14243dd,Player2,EndTorqueApplied,,120,7,,,,,,,,,,,,,,,
2/12/2024 15:16:13,NULL,WeaponAimed,0361a7a978fc6d7eed1dd5938cc5a1e4,Player1,WeaponAimed,-60,,,,,,,,,,,,,,,,,
2/12/2024 15:16:13,NULL,WeaponAimed,0361a7a978fc6d7eed1dd5938cc5a1e4,Player2,WeaponAimed,-60,,,,,,,,,,,,,,,,,
2/12/2024 15:16:13,NULL,EndTorqueApplied,9ab7a1ff59a369ff508c75471f40b1c4,Player1,EndTorqueApplied,,120,7,,,,,,,,,,,,,,,
2/12/2024 15:16:14,NULL,EndTorqueApplied,2a9776a1ed8317d16ce04897fcfcc2d3,Player2,EndTorqueApplied,,120,7,,,,,,,,,,,,,,,
2/12/2024 15:16:14,NULL,Player1Shot,34b159712106df0aa17b2e79e497479c,Player1,Player1Shot,,,,(-6.88, 3.98, 0.00),(0.00, 180.00, 202.61),,,,,,,,,,,,,
2/12/2024 15:16:14,NULL,Player2Shot,f6d6ca0b1b21efe5ab0bdd5f7dc8a600,Player2,Player2Shot,,,,(3.12, -0.18, 0.00),(0.00, 0.00, 49.53),,,,,,,,,,,,,
2/12/2024 15:16:16,NULL,WeaponAimed,afbb0a82ed1ee83e1bd0edcdf9b60417,Player1,WeaponAimed,60,,,,,,,,,,,,,,,,,
2/12/2024 15:16:16,NULL,EndTorqueApplied,848a2460a7b89fa65c3a49bc3c88594a,Player1,EndTorqueApplied,,0,0,,,,,,,,,,,,,,,
2/12/2024 15:16:16,NULL,WeaponAimed,afbb0a82ed1ee83e1bd0edcdf9b60417,Player1,WeaponAimed,60,,,,,,,,,,,,,,,,,
2/12/2024 15:16:17,NULL,WeaponAimed,ac8f634a97f6ac7988f214ece36a0f3f,Player1,WeaponAimed,34.32288,,,,,,,,,,,,,,,,,
2/12/2024 15:16:17,NULL,Player2Shot,17544aa8e83ca923e50c7d4620015ea4,Player2,Player2Shot,,,,(-2.85, -1.60, 0.00),(0.00, 0.00, 89.48),,,,,,,,,,,,,
2/12/2024 15:16:18,NULL,WeaponAimed,167a57339ea3305ca043843040b896e3,Player2,WeaponAimed,60,,,,,,,,,,,,,,,,,
2/12/2024 15:16:18,NULL,EndTorqueApplied,298a6c3b79ac0855e099c41d57e6339d,Player2,EndTorqueApplied,,120,7,,,,,,,,,,,,,,,
2/12/2024 15:16:19,NULL,Player1Shot,84b3c4698964714e8b81d28401f372bb,Player1,Player1Shot,,,,(-5.72, 3.19, 0.00),(0.00, 180.00, 273.64),,,,,,,,,,,,,
2/12/2024 15:16:19,NULL,WeaponAimed,741c87d659c8301194e17aade6499e7b,Player2,WeaponAimed,-60,,,,,,,,,,,,,,,,,
2/12/2024 15:16:19,NULL,EndTorqueApplied,6dc6879a8837272627443a7b8d45b53d,Player2,EndTorqueApplied,,120,7,,,,,,,,,,,,,,,
2/12/2024 15:16:20,NULL,Player1Shot,37c5da646795d815292045c63d8198b9,Player1,Player1Shot,,,,(-5.13, 3.77, 0.00),(0.00, 180.00, 313.67),,,,,,,,,,,,,
2/12/2024 15:16:20,NULL,Player2Shot,e2136db0b4b2c12e413321968317f00c,Player2,Player2Shot,,,,(-8.05, -1.81, 0.00),(0.00, 0.00, 159.96),,,,,,,,,,,,,
2/12/2024 15:16:21,NULL,WeaponAimed,e81aea256648eb3a8f7057eb8e9cd335,Player1,WeaponAimed,-5.946314,,,,,,,,,,,,,,,,,
2/12/2024 15:16:21,NULL,EndTorqueApplied,3062b07faa927c4030e72a7433bcf25a,Player1,EndTorqueApplied,,65.94631,3.846868,,,,,,,,,,,,,,,
2/12/2024 15:16:22,NULL,WeaponAimed,4b0c72e5c5c95e535a44a3093cdd1592,Player2,WeaponAimed,60,,,,,,,,,,,,,,,,,
2/12/2024 15:16:22,NULL,WeaponAimed,4b0c72e5c5c95e535a44a3093cdd1592,Player1,WeaponAimed,60,,,,,,,,,,,,,,,,,
2/12/2024 15:16:22,NULL,WeaponAimed,4b0c72e5c5c95e535a44a3093cdd1592,Player1,WeaponAimed,21.88799,,,,,,,,,,,,,,,,,
2/12/2024 15:16:22,NULL,WeaponAimed,4b0c72e5c5c95e535a44a3093cdd1592,Player2,WeaponAimed,-56.54047,,,,,,,,,,,,,,,,,
2/12/2024 15:16:22,NULL,EndTorqueApplied,474c23febb7a9cdd0a80235b4bd9c391,Player1,EndTorqueApplied,,38.11201,2.223201,,,,,,,,,,,,,,,
2/12/2024 15:16:23,NULL,EndTorqueApplied,87cb383cfc1bbb2da989f712d318958c,Player2,EndTorqueApplied,,116.5405,6.798194,,,,,,,,,,,,,,,
2/12/2024 15:16:23,NULL,Player1Shot,bcfa1cd15af956cdf73935ed7310231a,Player1,Player1Shot,,,,(3.13, 3.62, 0.00),(0.00, 180.00, 272.99),,,,,,,,,,,,,
2/12/2024 15:16:24,NULL,WeaponAimed,ba4d3211710b647353318b20a5ec4cd0,Player1,WeaponAimed,60,,,,,,,,,,,,,,,,,
2/12/2024 15:16:24,NULL,EndTorqueApplied,7b05a086457a6a1568b2bea4db83f162,Player1,EndTorqueApplied,,0,0,,,,,,,,,,,,,,,
2/12/2024 15:16:24,NULL,WeaponAimed,ba4d3211710b647353318b20a5ec4cd0,Player2,WeaponAimed,60,,,,,,,,,,,,,,,,,
2/12/2024 15:16:24,NULL,Player1Shot,904783cb529d2ee995544e56f6273562,Player1,Player1Shot,,,,(6.17, 3.87, 0.00),(0.00, 180.00, 309.56),,,,,,,,,,,,,
2/12/2024 15:16:24,NULL,EndTorqueApplied,7b05a086457a6a1568b2bea4db83f162,Player2,EndTorqueApplied,,120,7,,,,,,,,,,,,,,,
2/12/2024 15:16:25,NULL,WeaponAimed,4f5c307ca6b5b8b2c0341972bd933509,Player1,WeaponAimed,60,,,,,,,,,,,,,,,,,
2/12/2024 15:16:25,NULL,WeaponAimed,4f5c307ca6b5b8b2c0341972bd933509,Player2,WeaponAimed,-60,,,,,,,,,,,,,,,,,
2/12/2024 15:16:26,NULL,WeaponAimed,f65d24742a56a3f9f2fc1002f2590249,Player1,WeaponAimed,-58.37182,,,,,,,,,,,,,,,,,
2/12/2024 15:16:26,NULL,EndTorqueApplied,ebcc5d7a1a2600991150781ea9375181,Player1,EndTorqueApplied,,1.628178,0.09497703,,,,,,,,,,,,,,,
2/12/2024 15:16:26,NULL,EndTorqueApplied,ebcc5d7a1a2600991150781ea9375181,Player2,EndTorqueApplied,,120,7,,,,,,,,,,,,,,,
2/12/2024 15:16:26,NULL,WeaponAimed,f65d24742a56a3f9f2fc1002f2590249,Player2,WeaponAimed,60,,,,,,,,,,,,,,,,,
2/12/2024 15:16:26,NULL,WeaponAimed,f65d24742a56a3f9f2fc1002f2590249,Player2,WeaponAimed,28.1739,,,,,,,,,,,,,,,,,
2/12/2024 15:16:26,NULL,EndTorqueApplied,ebcc5d7a1a2600991150781ea9375181,Player2,EndTorqueApplied,,31.8261,1.856522,,,,,,,,,,,,,,,
2/12/2024 15:16:27,NULL,WeaponAimed,33d38033236038a937f492693dcb50c7,Player1,WeaponAimed,60,,,,,,,,,,,,,,,,,
2/12/2024 15:16:27,NULL,EndTorqueApplied,ddc924249a06be6d9f818520cbc05887,Player1,EndTorqueApplied,,120,7,,,,,,,,,,,,,,,
2/12/2024 15:16:28,NULL,WeaponAimed,95a465490915d2a643b3296d7062a2bf,Player1,WeaponAimed,-60,,,,,,,,,,,,,,,,,
2/12/2024 15:16:29,NULL,EndTorqueApplied,8be4f0f18b5eeaa950bec61e46eb6fe5,Player1,EndTorqueApplied,,120,7,,,,,,,,,,,,,,,
2/12/2024 15:16:29,NULL,Player2Shot,fd3e591bc12aa4f95908c9f3afd72846,Player2,Player2Shot,,,,(2.67, 1.67, 0.00),(0.00, 0.00, 154.04),,,,,,,,,,,,,
2/12/2024 15:16:29,NULL,RoundComplete,a4eab94a0d1e6f79a4b7d88cdadaa7c6,,,,,,,,21.71306,2,7,6,165.8542,500.3092,35.74657,57.26717,-245.8353,-245.8304,0,0,
2/12/2024 15:16:31,NULL,RoundEnded,0142285525c1bbe1ed1eaff3148af7c9,,,,,,,,,,,,,,,,,,,,30.72232
2/12/2024 15:16:33,NULL,WeaponAimed,eeb08c1d2dbbfea3c03613f0ff7a8fbb,Player1,WeaponAimed,60,,,,,,,,,,,,,,,,,
2/12/2024 15:16:34,NULL,WeaponAimed,02a87cb91fe31bf7369c9ff4bc286aae,Player2,WeaponAimed,60,,,,,,,,,,,,,,,,,
2/12/2024 15:16:34,NULL,WeaponAimed,02a87cb91fe31bf7369c9ff4bc286aae,Player2,WeaponAimed,34.31596,,,,,,,,,,,,,,,,,
2/12/2024 15:16:34,NULL,EndTorqueApplied,7ef25bcbc267c092164a4955274f9db8,Player2,EndTorqueApplied,,25.68404,1.498236,,,,,,,,,,,,,,,
2/12/2024 15:16:34,NULL,WeaponAimed,02a87cb91fe31bf7369c9ff4bc286aae,Player2,WeaponAimed,60,,,,,,,,,,,,,,,,,
2/12/2024 15:16:34,NULL,WeaponAimed,02a87cb91fe31bf7369c9ff4bc286aae,Player2,WeaponAimed,21.61298,,,,,,,,,,,,,,,,,
2/12/2024 15:16:35,NULL,WeaponAimed,3933ad90f5df19967b152b9ca2de8f94,Player2,WeaponAimed,55.2909,,,,,,,,,,,,,,,,,
2/12/2024 15:16:35,NULL,WeaponAimed,3933ad90f5df19967b152b9ca2de8f94,Player2,WeaponAimed,29.92106,,,,,,,,,,,,,,,,,
2/12/2024 15:16:35,NULL,EndTorqueApplied,d441c374b7b5cf086762218191a9116c,Player2,EndTorqueApplied,,30.07894,1.754605,,,,,,,,,,,,,,,
2/12/2024 15:16:35,NULL,WeaponAimed,3933ad90f5df19967b152b9ca2de8f94,Player2,WeaponAimed,60,,,,,,,,,,,,,,,,,
2/12/2024 15:16:35,NULL,EndTorqueApplied,d441c374b7b5cf086762218191a9116c,Player2,EndTorqueApplied,,0,0,,,,,,,,,,,,,,,
2/12/2024 15:16:36,NULL,WeaponAimed,2d337a21d8aa69033c6131e4c713eb60,Player2,WeaponAimed,-60,,,,,,,,,,,,,,,,,
2/12/2024 15:16:36,NULL,EndTorqueApplied,3c9600f4a8c3e0e5d1409be02ed70240,Player2,EndTorqueApplied,,120,7,,,,,,,,,,,,,,,
2/12/2024 15:16:37,NULL,WeaponAimed,5431cc3e777bd59a6381f7263e3d017a,Player2,WeaponAimed,60,,,,,,,,,,,,,,,,,
2/12/2024 15:16:38,NULL,WeaponAimed,fc782bfa78019c662c7c230229f350a5,Player2,WeaponAimed,-13.88967,,,,,,,,,,,,,,,,,
2/12/2024 15:16:39,NULL,Player2Shot,9d4b2f893485acc75b6a92e58dc73b76,Player2,Player2Shot,,,,(3.56, 0.09, 0.00),(0.00, 0.00, 6.81),,,,,,,,,,,,,
2/12/2024 15:16:39,NULL,Player1Shot,e41223df055c1cd59f6d7a7c3e4274f1,Player1,Player1Shot,,,,(-3.53, -0.17, 0.00),(0.00, 180.00, 339.99),,,,,,,,,,,,,
2/12/2024 15:16:41,NULL,WeaponAimed,f8582c4cc990a0d55662cca7e70ff6d4,Player2,WeaponAimed,6.806154,,,,,,,,,,,,,,,,,
2/12/2024 15:16:41,NULL,EndTorqueApplied,e6b3ed530b6c09db578fc80b9b76cc5a,Player2,EndTorqueApplied,,66.80615,3.897026,,,,,,,,,,,,,,,
2/12/2024 15:16:42,NULL,Player1Shot,489a464e5fc7db29fed70c572d1570d8,Player1,Player1Shot,,,,(3.40, 2.28, 0.00),(0.00, 180.00, 333.18),,,,,,,,,,,,,
2/12/2024 15:16:43,NULL,WeaponAimed,06b8d901b833a1661509cd03ede50922,Player1,WeaponAimed,20.01289,,,,,,,,,,,,,,,,,
2/12/2024 15:16:43,NULL,EndTorqueApplied,607475906255530e6009113a95718764,Player1,EndTorqueApplied,,39.98711,2.332582,,,,,,,,,,,,,,,
2/12/2024 15:16:44,NULL,Player2Shot,d5bd9ca6c652953344730947921c32ef,Player2,Player2Shot,,,,(-7.18, -1.29, 0.00),(0.00, 0.00, 24.78),,,,,,,,,,,,,
2/12/2024 15:16:44,NULL,RoundComplete,9f4cef83c0fe65c7d72270813dcd8da3,,,,,,,,6.05121,2,2,2,0,266.3192,2.332582,3.897026,35.8626,35.8626,1,1,
2/12/2024 15:16:46,NULL,RoundEnded,794624acc81703972a51bc9ebc068e62,,,,,,,,,,,,,,,,,,,,15.05969
2/12/2024 15:16:48,NULL,WeaponAimed,7bfad9747b6a2d4cc645d75c649640cd,Player1,WeaponAimed,60,,,,,,,,,,,,,,,,,
2/12/2024 15:16:49,NULL,WeaponAimed,8023e65cbc4474b45e54fcb3958212ff,Player2,WeaponAimed,-60,,,,,,,,,,,,,,,,,
2/12/2024 15:16:49,NULL,EndTorqueApplied,92d58ece97053008a4f76d7ae25c23bb,Player2,EndTorqueApplied,,0,0,,,,,,,,,,,,,,,
2/12/2024 15:16:49,NULL,WeaponAimed,8023e65cbc4474b45e54fcb3958212ff,Player2,WeaponAimed,-60,,,,,,,,,,,,,,,,,
2/12/2024 15:16:49,NULL,WeaponAimed,8023e65cbc4474b45e54fcb3958212ff,Player1,WeaponAimed,26.42042,,,,,,,,,,,,,,,,,
2/12/2024 15:16:50,NULL,WeaponAimed,8b7390cf420bea715b3e91625325ff75,Player2,WeaponAimed,5.498065,,,,,,,,,,,,,,,,,
2/12/2024 15:16:50,NULL,WeaponAimed,8b7390cf420bea715b3e91625325ff75,Player1,WeaponAimed,-2.355222,,,,,,,,,,,,,,,,,
2/12/2024 15:16:50,NULL,WeaponAimed,8b7390cf420bea715b3e91625325ff75,Player2,WeaponAimed,-27.93471,,,,,,,,,,,,,,,,,
2/12/2024 15:16:50,NULL,WeaponAimed,8b7390cf420bea715b3e91625325ff75,Player2,WeaponAimed,36.25734,,,,,,,,,,,,,,,,,
2/12/2024 15:16:50,NULL,WeaponAimed,8b7390cf420bea715b3e91625325ff75,Player1,WeaponAimed,19.92688,,,,,,,,,,,,,,,,,
2/12/2024 15:16:51,NULL,EndTorqueApplied,0e8ed0d73dea8d5eac3f58f26e71231b,Player2,EndTorqueApplied,,96.25734,5.615012,,,,,,,,,,,,,,,
2/12/2024 15:16:51,NULL,WeaponAimed,00c0a8e1fd97b5c4e92d7311c17d5c3e,Player2,WeaponAimed,-60,,,,,,,,,,,,,,,,,
2/12/2024 15:16:51,NULL,WeaponAimed,00c0a8e1fd97b5c4e92d7311c17d5c3e,Player2,WeaponAimed,27.7717,,,,,,,,,,,,,,,,,
2/12/2024 15:16:51,NULL,WeaponAimed,00c0a8e1fd97b5c4e92d7311c17d5c3e,Player1,WeaponAimed,-1.136984,,,,,,,,,,,,,,,,,
2/12/2024 15:16:52,NULL,EndTorqueApplied,a06228deb2b2e730f9563dd876f53bc4,Player2,EndTorqueApplied,,87.7717,5.120016,,,,,,,,,,,,,,,
2/12/2024 15:16:52,NULL,WeaponAimed,06fe9e28296a86dc0d50392c29bc5b1d,Player2,WeaponAimed,-60,,,,,,,,,,,,,,,,,
2/12/2024 15:16:52,NULL,WeaponAimed,06fe9e28296a86dc0d50392c29bc5b1d,Player1,WeaponAimed,46.77007,,,,,,,,,,,,,,,,,
2/12/2024 15:16:53,NULL,WeaponAimed,184dcf191cc5fd1325214d1be58f3d49,Player2,WeaponAimed,43.83135,,,,,,,,,,,,,,,,,
2/12/2024 15:16:53,NULL,EndTorqueApplied,fc980d1ad8971289f8bd95faa7a0a216,Player2,EndTorqueApplied,,16.16865,0.9431711,,,,,,,,,,,,,,,
2/12/2024 15:16:54,NULL,Player2Shot,5596981ee4ff3a0f69d15d88a688c5fd,Player2,Player2Shot,,,,(3.30, 0.50, 0.00),(0.00, 0.00, 60.00),,,,,,,,,,,,,
2/12/2024 15:16:54,NULL,WeaponAimed,11f6fcb483ac58a38dd813b09150d700,Player1,WeaponAimed,14.66845,,,,,,,,,,,,,,,,,
2/12/2024 15:16:54,NULL,EndTorqueApplied,b0c8347a053b3fc4af296dde6dff37ce,Player1,EndTorqueApplied,,45.33155,2.644341,,,,,,,,,,,,,,,
2/12/2024 15:16:55,NULL,Player1Shot,10183b785ce54ebc4949fb9dc6a8d2da,Player1,Player1Shot,,,,(-2.49, -0.44, 0.00),(0.00, 180.00, 212.97),,,,,,,,,,,,,
2/12/2024 15:16:55,NULL,Player2Shot,b45faf312e2b2510a9481effa68dbe37,Player2,Player2Shot,,,,(1.21, -1.92, 0.00),(0.00, 0.00, 145.21),,,,,,,,,,,,,
2/12/2024 15:16:56,NULL,WeaponAimed,8fe801ac40870d112c4c773d87410151,Player2,WeaponAimed,60,,,,,,,,,,,,,,,,,
2/12/2024 15:16:56,NULL,WeaponAimed,8fe801ac40870d112c4c773d87410151,Player1,WeaponAimed,60,,,,,,,,,,,,,,,,,
2/12/2024 15:16:56,NULL,WeaponAimed,8fe801ac40870d112c4c773d87410151,Player2,WeaponAimed,-36.25189,,,,,,,,,,,,,,,,,
2/12/2024 15:16:57,NULL,EndTorqueApplied,f75ee5929f97ceba84f316a1571a89d5,Player1,EndTorqueApplied,,120,7,,,,,,,,,,,,,,,
2/12/2024 15:16:57,NULL,EndTorqueApplied,f75ee5929f97ceba84f316a1571a89d5,Player2,EndTorqueApplied,,96.25189,5.614694,,,,,,,,,,,,,,,
2/12/2024 15:16:57,NULL,WeaponAimed,cdd65ae2f18fcd161bd89d4c65475a9a,Player1,WeaponAimed,-60,,,,,,,,,,,,,,,,,
2/12/2024 15:16:57,NULL,WeaponAimed,cdd65ae2f18fcd161bd89d4c65475a9a,Player1,WeaponAimed,-43.84484,,,,,,,,,,,,,,,,,
2/12/2024 15:16:57,NULL,EndTorqueApplied,f75ee5929f97ceba84f316a1571a89d5,Player1,EndTorqueApplied,,16.15516,0.9423845,,,,,,,,,,,,,,,
2/12/2024 15:16:58,NULL,WeaponAimed,c42a2fecb14f8ad543648bc17b45c2f1,Player1,WeaponAimed,-60,,,,,,,,,,,,,,,,,
2/12/2024 15:16:58,NULL,Player2Shot,09285faa2de8bb68c7ca354f702ea234,Player2,Player2Shot,,,,(3.91, -0.90, 0.00),(0.00, 0.00, 147.58),,,,,,,,,,,,,
2/12/2024 15:17:00,NULL,Player1Shot,7a0105f0405a3f536883f1c6d6fed7c9,Player1,Player1Shot,,,,(-6.02, 3.97, 0.00),(0.00, 180.00, 210.71),,,,,,,,,,,,,
2/12/2024 15:17:01,NULL,WeaponAimed,42dedb10e04f8b5471106b78758aad82,Player1,WeaponAimed,47.09756,,,,,,,,,,,,,,,,,
2/12/2024 15:17:01,NULL,Player2Shot,550e6b68986d2789ce8c2ea8be5a1911,Player2,Player2Shot,,,,(6.66, -0.67, 0.00),(0.00, 0.00, 146.69),,,,,,,,,,,,,
2/12/2024 15:17:01,NULL,WeaponAimed,42dedb10e04f8b5471106b78758aad82,Player1,WeaponAimed,-12.29149,,,,,,,,,,,,,,,,,
2/12/2024 15:17:01,NULL,EndTorqueApplied,bbb7bce9f841b997d4809937aa3af8d3,Player1,EndTorqueApplied,,72.29149,4.217003,,,,,,,,,,,,,,,
2/12/2024 15:17:01,NULL,WeaponAimed,42dedb10e04f8b5471106b78758aad82,Player2,WeaponAimed,60,,,,,,,,,,,,,,,,,
2/12/2024 15:17:01,NULL,EndTorqueApplied,bbb7bce9f841b997d4809937aa3af8d3,Player2,EndTorqueApplied,,0,0,,,,,,,,,,,,,,,
2/12/2024 15:17:02,NULL,WeaponAimed,b683b18c4fa5ee7a57cdd84b63d2c7e0,Player2,WeaponAimed,60,,,,,,,,,,,,,,,,,
2/12/2024 15:17:02,NULL,EndTorqueApplied,aacdd48a5865504189f83cd4358f0908,Player2,EndTorqueApplied,,0,0,,,,,,,,,,,,,,,
2/12/2024 15:17:02,NULL,WeaponAimed,b683b18c4fa5ee7a57cdd84b63d2c7e0,Player1,WeaponAimed,60,,,,,,,,,,,,,,,,,
2/12/2024 15:17:02,NULL,WeaponAimed,b683b18c4fa5ee7a57cdd84b63d2c7e0,Player1,WeaponAimed,22.98017,,,,,,,,,,,,,,,,,
2/12/2024 15:17:03,NULL,EndTorqueApplied,9da31b420c990780f2cba57a43dceb15,Player1,EndTorqueApplied,,37.01983,2.15949,,,,,,,,,,,,,,,
2/12/2024 15:17:03,NULL,WeaponAimed,04bdcb131e1fe162fb49b4b52f39a6cf,Player2,WeaponAimed,-60,,,,,,,,,,,,,,,,,
2/12/2024 15:17:03,NULL,WeaponAimed,04bdcb131e1fe162fb49b4b52f39a6cf,Player2,WeaponAimed,-10.34195,,,,,,,,,,,,,,,,,
2/12/2024 15:17:04,NULL,EndTorqueApplied,717f076af125230b4bb74a9840a3575a,Player2,EndTorqueApplied,,49.65805,2.89672,,,,,,,,,,,,,,,
2/12/2024 15:17:04,NULL,WeaponAimed,1f6c82c81368ea0d3edb11368398b8b7,Player1,WeaponAimed,60,,,,,,,,,,,,,,,,,
2/12/2024 15:17:05,NULL,Player2Shot,d4bb1fb018b34c22c75a8b524316358e,Player2,Player2Shot,,,,(7.29, -4.41, 0.00),(0.00, 0.00, 85.05),,,,,,,,,,,,,
2/12/2024 15:17:05,NULL,WeaponAimed,476775297a39dc8af31863b9982284c9,Player1,WeaponAimed,-0.7477962,,,,,,,,,,,,,,,,,
2/12/2024 15:17:05,NULL,EndTorqueApplied,e68813a140efc545367ffb9827bb2fc7,Player1,EndTorqueApplied,,60.7478,3.543621,,,,,,,,,,,,,,,
2/12/2024 15:17:05,NULL,Player1Shot,6601b25146dd37f3af2b550696e18cfe,Player1,Player1Shot,,,,(-7.69, 5.27, 0.00),(0.00, 180.00, 132.06),,,,,,,,,,,,,
2/12/2024 15:17:06,NULL,Player2Shot,62b971ad3002f069244617ffc9554697,Player2,Player2Shot,,,,(7.15, -3.82, 0.00),(0.00, 0.00, 354.12),,,,,,,,,,,,,
2/12/2024 15:17:07,NULL,Player2Shot,59853bdf93bdd08229ce2fb4cf5ce91e,Player2,Player2Shot,,,,(0.80, -1.45, 0.00),(0.00, 0.00, 152.64),,,,,,,,,,,,,
2/12/2024 15:17:07,NULL,Player1Shot,73afeab13acb8cb98134b944597ecad9,Player1,Player1Shot,,,,(-6.39, 0.59, 0.00),(0.00, 180.00, 194.24),,,,,,,,,,,,,
2/12/2024 15:17:08,NULL,RoundComplete,ae213e136a554d22943ffabfd0b09fad,,,,,,,,14.31042,1,4,7,200.0751,206.1491,20.50684,8.511414,-306.0059,-306.0059,0,0,
2/12/2024 15:17:09,NULL,WeaponAimed,44759008ae1c40b1993ccb60845713e6,Player2,WeaponAimed,-60,,,,,,,,,,,,,,,,,
2/12/2024 15:17:09,NULL,EndTorqueApplied,08cc332aeff0bf121dba1901022e0092,Player2,EndTorqueApplied,,0,0,,,,,,,,,,,,,,,
2/12/2024 15:17:10,NULL,WeaponAimed,94520dd6d83b9ec690f953e0a6e8b657,Player2,WeaponAimed,-60,,,,,,,,,,,,,,,,,
2/12/2024 15:17:10,NULL,WeaponAimed,94520dd6d83b9ec690f953e0a6e8b657,Player1,WeaponAimed,60,,,,,,,,,,,,,,,,,
2/12/2024 15:17:10,NULL,RoundEnded,fdd94d32d2611e586908adf1f4549298,,,,,,,,,,,,,,,,,,,,23.31953
2/12/2024 15:17:10,NULL,EndTorqueApplied,476850b510dbc4a93f4ea73317048d58,Player2,EndTorqueApplied,,120,7,,,,,,,,,,,,,,,
2/12/2024 15:17:11,NULL,WeaponAimed,7c45e95e38d878408b8eee9989f954e6,Player1,WeaponAimed,2.201788,,,,,,,,,,,,,,,,,
2/12/2024 15:17:11,NULL,WeaponAimed,7c45e95e38d878408b8eee9989f954e6,Player1,WeaponAimed,21.56835,,,,,,,,,,,,,,,,,
2/12/2024 15:17:13,NULL,WeaponAimed,9b4852aca8f39a3018fe0d4a31dcd056,Player2,WeaponAimed,60,,,,,,,,,,,,,,,,,
2/12/2024 15:17:14,NULL,EndTorqueApplied,c6428853e487dbec5b3ed6a74d99f071,Player2,EndTorqueApplied,,120,7,,,,,,,,,,,,,,,
2/12/2024 15:17:14,NULL,WeaponAimed,448efd0ebe771f552987cf47479c2c4f,Player2,WeaponAimed,-60,,,,,,,,,,,,,,,,,
2/12/2024 15:17:15,NULL,EndTorqueApplied,9ea627c0b6444ef299e1b735eafe381a,Player2,EndTorqueApplied,,120,7,,,,,,,,,,,,,,,
2/12/2024 15:17:17,NULL,Player2Shot,766bb8781a80f98944250db603604b72,Player2,Player2Shot,,,,(3.30, 0.50, 0.00),(0.00, 0.00, 60.00),,,,,,,,,,,,,
2/12/2024 15:17:17,NULL,WeaponAimed,24382d612cfa30aece4a95544e7d476c,Player1,WeaponAimed,7.024464,,,,,,,,,,,,,,,,,
2/12/2024 15:17:18,NULL,EndTorqueApplied,95f254dcce096f9d6fe68b1c15c732c2,Player1,EndTorqueApplied,,67.02447,3.909761,,,,,,,,,,,,,,,
2/12/2024 15:17:18,NULL,Player2Shot,5e2036915134ecfeb2eae2a372026b02,Player2,Player2Shot,,,,(1.21, -1.92, 0.00),(0.00, 0.00, 140.06),,,,,,,,,,,,,
2/12/2024 15:17:18,NULL,Player1Shot,b7bddcedb133257f1af771a29bc88d7f,Player1,Player1Shot,,,,(-2.25, -0.10, 0.00),(0.00, 180.00, 194.45),,,,,,,,,,,,,
2/12/2024 15:17:19,NULL,WeaponAimed,e61c31bf0b4642a9d0f70cb94da91150,Player2,WeaponAimed,60,,,,,,,,,,,,,,,,,
2/12/2024 15:17:20,NULL,Player1Shot,f2afecfac356c3827116697320debb03,Player1,Player1Shot,,,,(-5.88, 0.40, 0.00),(0.00, 180.00, 233.09),,,,,,,,,,,,,
2/12/2024 15:17:20,NULL,EndTorqueApplied,e79c47669974ee8d419fe1bdeab52e11,Player2,EndTorqueApplied,,120,7,,,,,,,,,,,,,,,
2/12/2024 15:17:20,NULL,WeaponAimed,de9d3f80498099dbe7a1d52bee67fc60,Player2,WeaponAimed,-60,,,,,,,,,,,,,,,,,
2/12/2024 15:17:20,NULL,WeaponAimed,de9d3f80498099dbe7a1d52bee67fc60,Player2,WeaponAimed,-48.8209,,,,,,,,,,,,,,,,,
2/12/2024 15:17:20,NULL,EndTorqueApplied,e79c47669974ee8d419fe1bdeab52e11,Player2,EndTorqueApplied,,108.8209,6.347886,,,,,,,,,,,,,,,
2/12/2024 15:17:21,NULL,WeaponAimed,3cf760f9a9f38f06eae415723239f53c,Player1,WeaponAimed,-60,,,,,,,,,,,,,,,,,
2/12/2024 15:17:22,NULL,WeaponAimed,6d2d46b23184c6388f126340c9da8d6e,Player1,WeaponAimed,18.42193,,,,,,,,,,,,,,,,,
2/12/2024 15:17:22,NULL,WeaponAimed,6d2d46b23184c6388f126340c9da8d6e,Player2,WeaponAimed,60,,,,,,,,,,,,,,,,,
2/12/2024 15:17:22,NULL,WeaponAimed,6d2d46b23184c6388f126340c9da8d6e,Player2,WeaponAimed,19.90452,,,,,,,,,,,,,,,,,
2/12/2024 15:17:22,NULL,EndTorqueApplied,1af9afa249269544344fe342b1ed6608,Player2,EndTorqueApplied,,40.09548,2.338903,,,,,,,,,,,,,,,
2/12/2024 15:17:22,NULL,WeaponAimed,6d2d46b23184c6388f126340c9da8d6e,Player2,WeaponAimed,60,,,,,,,,,,,,,,,,,
2/12/2024 15:17:23,NULL,WeaponAimed,99f468b4bffcdadfb229d656acddd3c2,Player2,WeaponAimed,-26.23251,,,,,,,,,,,,,,,,,
2/12/2024 15:17:23,NULL,Player1Shot,bcbe23aeb780fd36f4d0cc9a78cf4f35,Player1,Player1Shot,,,,(-3.38, 3.03, 0.00),(0.00, 180.00, 202.83),,,,,,,,,,,,,
2/12/2024 15:17:23,NULL,EndTorqueApplied,3103c90258ef62267e37b0f252a4ebb3,Player2,EndTorqueApplied,,86.23251,5.03023,,,,,,,,,,,,,,,
2/12/2024 15:17:23,NULL,Player2Shot,877e9928d8df9b5c18f1dd213a2a7d62,Player2,Player2Shot,,,,(5.59, 2.30, 0.00),(0.00, 0.00, 46.92),,,,,,,,,,,,,
2/12/2024 15:17:24,NULL,WeaponAimed,fba5a1a42716e439b5915d06aa0f8d4f,Player1,WeaponAimed,-15.19407,,,,,,,,,,,,,,,,,
2/12/2024 15:17:24,NULL,Player1Shot,55dc630293b29c80de6fc11642314b2a,Player1,Player1Shot,,,,(-4.83, 2.62, 0.00),(0.00, 180.00, 238.45),,,,,,,,,,,,,
2/12/2024 15:17:25,NULL,WeaponAimed,8f233408b1d39c47e2666021c407f997,Player1,WeaponAimed,47.34382,,,,,,,,,,,,,,,,,
2/12/2024 15:17:25,NULL,Player1Shot,3e1d21c818a17d2bb6f2e8aa7636ef22,Player1,Player1Shot,,,,(-7.89, 4.34, 0.00),(0.00, 180.00, 310.56),,,,,,,,,,,,,
2/12/2024 15:17:26,NULL,Player2Shot,aa5af71a4ce924477daedf0e657012fc,Player2,Player2Shot,,,,(3.10, 1.36, 0.00),(0.00, 0.00, 28.78),,,,,,,,,,,,,
2/12/2024 15:17:26,NULL,WeaponAimed,77914980dca3fb7d163016f20f6eaa11,Player2,WeaponAimed,60,,,,,,,,,,,,,,,,,
2/12/2024 15:17:27,NULL,WeaponAimed,0bce34dddae2281fdf44dbd3c12f1ee6,Player1,WeaponAimed,-16.59944,,,,,,,,,,,,,,,,,
2/12/2024 15:17:27,NULL,EndTorqueApplied,2126d109b2187e9f6013ff3d18c3f6dc,Player2,EndTorqueApplied,,120,7,,,,,,,,,,,,,,,
2/12/2024 15:17:27,NULL,EndTorqueApplied,2126d109b2187e9f6013ff3d18c3f6dc,Player1,EndTorqueApplied,,76.59944,4.468301,,,,,,,,,,,,,,,
2/12/2024 15:17:27,NULL,WeaponAimed,0bce34dddae2281fdf44dbd3c12f1ee6,Player2,WeaponAimed,-60,,,,,,,,,,,,,,,,,
2/12/2024 15:17:28,NULL,EndTorqueApplied,621deb2c2e5a2ee94518aac898b8a23c,Player2,EndTorqueApplied,,120,7,,,,,,,,,,,,,,,
2/12/2024 15:17:28,NULL,Player1Shot,6e9266313cb3561f078bbb22b3215c41,Player1,Player1Shot,,,,(-7.98, 3.28, 0.00),(0.00, 180.00, 231.61),,,,,,,,,,,,,
2/12/2024 15:17:29,NULL,WeaponAimed,bc3ec9cf8374d2843abd8ee29a5c1088,Player2,WeaponAimed,60,,,,,,,,,,,,,,,,,
2/12/2024 15:17:29,NULL,WeaponAimed,bc3ec9cf8374d2843abd8ee29a5c1088,Player2,WeaponAimed,10.35843,,,,,,,,,,,,,,,,,
2/12/2024 15:17:29,NULL,EndTorqueApplied,552fdbaeaab4ea3dd15cbf65da6c909d,Player2,EndTorqueApplied,,49.64157,2.895759,,,,,,,,,,,,,,,
2/12/2024 15:17:30,NULL,Player1Shot,cdf5a138e80240942a34e9fb172e1198,Player1,Player1Shot,,,,(-7.55, 4.11, 0.00),(0.00, 180.00, 324.10),,,,,,,,,,,,,
2/12/2024 15:17:31,NULL,WeaponAimed,45618d8719b6cecbd656922f0ef90019,Player1,WeaponAimed,60,,,,,,,,,,,,,,,,,
2/12/2024 15:17:31,NULL,EndTorqueApplied,d45585dd9c0e44a7285dabcd4e277a4c,Player1,EndTorqueApplied,,0,0,,,,,,,,,,,,,,,
2/12/2024 15:17:32,NULL,WeaponAimed,a3cc63a9d5b957f81e3752ff1f53850b,Player1,WeaponAimed,60,,,,,,,,,,,,,,,,,
2/12/2024 15:17:32,NULL,WeaponAimed,a3cc63a9d5b957f81e3752ff1f53850b,Player1,WeaponAimed,-10.3766,,,,,,,,,,,,,,,,,
2/12/2024 15:17:33,NULL,EndTorqueApplied,8b794f23b832634fb62920ff27a34c66,Player1,EndTorqueApplied,,70.3766,4.105302,,,,,,,,,,,,,,,
2/12/2024 15:17:33,NULL,Player2Shot,2a81d236ad5134fe30bf841e7df5bce0,Player2,Player2Shot,,,,(-3.35, -2.87, 0.00),(0.00, 0.00, 47.76),,,,,,,,,,,,,
2/12/2024 15:17:34,NULL,WeaponAimed,94620046e9b5adf54d71970f35c08fe4,Player1,WeaponAimed,60,,,,,,,,,,,,,,,,,
2/12/2024 15:17:34,NULL,Player2Shot,8673ba5ec279cababa82b1b655c9210f,Player2,Player2Shot,,,,(-4.32, -5.57, 0.00),(0.00, 0.00, 269.93),,,,,,,,,,,,,
2/12/2024 15:17:35,NULL,WeaponAimed,6730513205403068c377a0733cdf0e17,Player2,WeaponAimed,60,,,,,,,,,,,,,,,,,
2/12/2024 15:17:35,NULL,Player1Shot,56695f6e4082ad16f282babc70617481,Player1,Player1Shot,,,,(6.04, 4.72, 0.00),(0.00, 180.00, 331.80),,,,,,,,,,,,,
2/12/2024 15:17:36,NULL,EndTorqueApplied,43a3c401a55c47ebb238c0b10a87aa89,Player2,EndTorqueApplied,,120,7,,,,,,,,,,,,,,,
2/12/2024 15:17:36,NULL,WeaponAimed,9eb78d231c1da424283871ee8a3e7e73,Player2,WeaponAimed,-60,,,,,,,,,,,,,,,,,
2/12/2024 15:17:37,NULL,EndTorqueApplied,815e0c3140fe78fda431bebdeb275adf,Player2,EndTorqueApplied,,120,7,,,,,,,,,,,,,,,
2/12/2024 15:17:37,NULL,WeaponAimed,4a2e74c280e5424edcf8faa79fc3bb58,Player1,WeaponAimed,29.6608,,,,,,,,,,,,,,,,,
2/12/2024 15:17:37,NULL,EndTorqueApplied,815e0c3140fe78fda431bebdeb275adf,Player1,EndTorqueApplied,,30.3392,1.769787,,,,,,,,,,,,,,,
2/12/2024 15:17:38,NULL,Player2Shot,b0e747507822372f9734099c72fd3194,Player2,Player2Shot,,,,(-5.64, 3.80, 0.00),(0.00, 0.00, 288.80),,,,,,,,,,,,,
2/12/2024 15:17:38,NULL,Player1Shot,e2e2071fafdf529d92c0ecaabb929195,Player1,Player1Shot,,,,(3.08, 4.05, 0.00),(0.00, 180.00, 31.42),,,,,,,,,,,,,
2/12/2024 15:17:39,NULL,WeaponAimed,2416e1dab0a418e8275015056e6afd60,Player2,WeaponAimed,60,,,,,,,,,,,,,,,,,
2/12/2024 15:17:39,NULL,WeaponAimed,2416e1dab0a418e8275015056e6afd60,Player1,WeaponAimed,60,,,,,,,,,,,,,,,,,
2/12/2024 15:17:39,NULL,WeaponAimed,2416e1dab0a418e8275015056e6afd60,Player2,WeaponAimed,-5.397788,,,,,,,,,,,,,,,,,
2/12/2024 15:17:39,NULL,EndTorqueApplied,df9475ab35a7678080e51791d024d1c3,Player2,EndTorqueApplied,,65.39779,3.814871,,,,,,,,,,,,,,,
2/12/2024 15:17:40,NULL,WeaponAimed,bec3bb48aecce86655e61ab931b49fa1,Player2,WeaponAimed,60,,,,,,,,,,,,,,,,,
2/12/2024 15:17:40,NULL,EndTorqueApplied,0da7feb8a6ea9c30da2e965df8ce3085,Player2,EndTorqueApplied,,0,0,,,,,,,,,,,,,,,
2/12/2024 15:17:40,NULL,WeaponAimed,bec3bb48aecce86655e61ab931b49fa1,Player2,WeaponAimed,23.71186,,,,,,,,,,,,,,,,,
2/12/2024 15:17:40,NULL,WeaponAimed,bec3bb48aecce86655e61ab931b49fa1,Player1,WeaponAimed,-33.09594,,,,,,,,,,,,,,,,,
2/12/2024 15:17:40,NULL,EndTorqueApplied,0da7feb8a6ea9c30da2e965df8ce3085,Player2,EndTorqueApplied,,36.28814,2.116808,,,,,,,,,,,,,,,
2/12/2024 15:17:40,NULL,EndTorqueApplied,0da7feb8a6ea9c30da2e965df8ce3085,Player1,EndTorqueApplied,,93.09593,5.430596,,,,,,,,,,,,,,,
2/12/2024 15:17:40,NULL,Player2Shot,9ffdd8ca03399be242eac4ffc5c68d05,Player2,Player2Shot,,,,(-8.04, 5.51, 0.00),(0.00, 0.00, 85.26),,,,,,,,,,,,,
2/12/2024 15:17:41,NULL,WeaponAimed,c2053dfeb2ca4ca94d5b0b42997442fc,Player1,WeaponAimed,60,,,,,,,,,,,,,,,,,
2/12/2024 15:17:42,NULL,Player2Shot,7f4a8806659621739e4d68730742cf66,Player2,Player2Shot,,,,(-8.34, 1.64, 0.00),(0.00, 0.00, 177.86),,,,,,,,,,,,,
2/12/2024 15:17:43,NULL,WeaponAimed,497b9f0cf9e3530e392c62f3c258194d,Player2,WeaponAimed,60,,,,,,,,,,,,,,,,,
2/12/2024 15:17:43,NULL,Player1Shot,6ee8133d7ccd475a3b43c9cda84a096e,Player1,Player1Shot,,,,(3.95, -4.50, 0.00),(0.00, 180.00, 29.02),,,,,,,,,,,,,
2/12/2024 15:17:43,NULL,WeaponAimed,497b9f0cf9e3530e392c62f3c258194d,Player2,WeaponAimed,21.51708,,,,,,,,,,,,,,,,,
2/12/2024 15:17:44,NULL,EndTorqueApplied,08b73aa0ad33a0bcffe06bf759722201,Player2,EndTorqueApplied,,38.48292,2.244837,,,,,,,,,,,,,,,
2/12/2024 15:17:44,NULL,WeaponAimed,279f8a30f69260f1f2d7b76fafdd17bb,Player2,WeaponAimed,60,,,,,,,,,,,,,,,,,
2/12/2024 15:17:44,NULL,Player1Shot,4f7a78811c340866bc3747cca50f6b72,Player1,Player1Shot,,,,(6.55, -4.59, 0.00),(0.00, 180.00, 27.00),,,,,,,,,,,,,
2/12/2024 15:17:45,NULL,WeaponAimed,702786d40c2655b7d4a7156ced8c2682,Player2,WeaponAimed,12.21608,,,,,,,,,,,,,,,,,
2/12/2024 15:17:45,NULL,EndTorqueApplied,e8799c5d7e501249182162c8b135d5a9,Player2,EndTorqueApplied,,47.78392,2.787395,,,,,,,,,,,,,,,
2/12/2024 15:17:46,NULL,Player1Shot,b374553eeda42a99849fd2c58ff73395,Player1,Player1Shot,,,,(4.56, -4.86, 0.00),(0.00, 180.00, 2.40),,,,,,,,,,,,,
2/12/2024 15:17:47,NULL,WeaponAimed,e1090b16815170f11a01246c5ad5ca4f,Player1,WeaponAimed,2.441336,,,,,,,,,,,,,,,,,
2/12/2024 15:17:47,NULL,Player2Shot,f131052d58c9211096ce6221d18064b7,Player2,Player2Shot,,,,(7.05, -2.60, 0.00),(0.00, 0.00, 244.68),,,,,,,,,,,,,
2/12/2024 15:17:47,NULL,RoundComplete,b745f3aa30d78c3de9fc1b24efe30db5,,,,,,,,30.47173,2,12,10,234.6231,111.5238,19.68375,62.57669,-430.9951,-431.0255,0,0,
2/12/2024 15:17:47,NULL,EndTorqueApplied,27199a99566cea71b36eb46aabd3165b,Player1,EndTorqueApplied,,62.44134,3.642411,,,,,,,,,,,,,,,
2/12/2024 15:17:49,NULL,RoundEnded,548e1f4d573276ecf78137ae09343469,,,,,,,,,,,,,,,,,,,,39.47943
2/12/2024 15:17:50,NULL,WeaponAimed,7f78de0108118b745a9c4506a4d9a1f1,Player2,WeaponAimed,60,,,,,,,,,,,,,,,,,
2/12/2024 15:17:51,NULL,WeaponAimed,dc771389296795acdaf48483a6cdb870,Player2,WeaponAimed,31.04334,,,,,,,,,,,,,,,,,
2/12/2024 15:17:51,NULL,WeaponAimed,dc771389296795acdaf48483a6cdb870,Player2,WeaponAimed,59.81675,,,,,,,,,,,,,,,,,
2/12/2024 15:17:51,NULL,EndTorqueApplied,b7cdcd9772aa5e07c7f02c704695753a,Player2,EndTorqueApplied,,0.1832542,0.01068983,,,,,,,,,,,,,,,
2/12/2024 15:17:51,NULL,WeaponAimed,dc771389296795acdaf48483a6cdb870,Player2,WeaponAimed,26.34678,,,,,,,,,,,,,,,,,
2/12/2024 15:17:51,NULL,WeaponAimed,dc771389296795acdaf48483a6cdb870,Player2,WeaponAimed,-2.405842,,,,,,,,,,,,,,,,,
2/12/2024 15:17:51,NULL,WeaponAimed,dc771389296795acdaf48483a6cdb870,Player1,WeaponAimed,-60,,,,,,,,,,,,,,,,,
2/12/2024 15:17:51,NULL,EndTorqueApplied,b7cdcd9772aa5e07c7f02c704695753a,Player1,EndTorqueApplied,,0,0,,,,,,,,,,,,,,,
2/12/2024 15:17:52,NULL,EndTorqueApplied,3b20839d1880ee4c918aefde8b869292,Player2,EndTorqueApplied,,62.40584,3.640341,,,,,,,,,,,,,,,
2/12/2024 15:17:52,NULL,WeaponAimed,a3c6f06a1a105061d2a47308985409c6,Player1,WeaponAimed,-60,,,,,,,,,,,,,,,,,
2/12/2024 15:17:52,NULL,WeaponAimed,a3c6f06a1a105061d2a47308985409c6,Player2,WeaponAimed,60,,,,,,,,,,,,,,,,,
2/12/2024 15:17:52,NULL,EndTorqueApplied,3b20839d1880ee4c918aefde8b869292,Player2,EndTorqueApplied,,0,0,,,,,,,,,,,,,,,
2/12/2024 15:17:52,NULL,WeaponAimed,a3c6f06a1a105061d2a47308985409c6,Player2,WeaponAimed,23.06792,,,,,,,,,,,,,,,,,
2/12/2024 15:17:52,NULL,EndTorqueApplied,3b20839d1880ee4c918aefde8b869292,Player2,EndTorqueApplied,,36.93208,2.154372,,,,,,,,,,,,,,,
2/12/2024 15:17:52,NULL,WeaponAimed,a3c6f06a1a105061d2a47308985409c6,Player1,WeaponAimed,-21.68419,,,,,,,,,,,,,,,,,
2/12/2024 15:17:52,NULL,WeaponAimed,a3c6f06a1a105061d2a47308985409c6,Player2,WeaponAimed,60,,,,,,,,,,,,,,,,,
2/12/2024 15:17:52,NULL,EndTorqueApplied,3b20839d1880ee4c918aefde8b869292,Player2,EndTorqueApplied,,0,0,,,,,,,,,,,,,,,
2/12/2024 15:17:52,NULL,WeaponAimed,a3c6f06a1a105061d2a47308985409c6,Player2,WeaponAimed,26.40595,,,,,,,,,,,,,,,,,
2/12/2024 15:17:53,NULL,EndTorqueApplied,3f6c184dce168295b566a21f4ffcd20b,Player2,EndTorqueApplied,,33.59405,1.959653,,,,,,,,,,,,,,,
2/12/2024 15:17:53,NULL,WeaponAimed,9e68147d21487d0f450bcc41ccd663b1,Player2,WeaponAimed,60,,,,,,,,,,,,,,,,,
2/12/2024 15:17:53,NULL,EndTorqueApplied,3f6c184dce168295b566a21f4ffcd20b,Player2,EndTorqueApplied,,0,0,,,,,,,,,,,,,,,
2/12/2024 15:17:53,NULL,WeaponAimed,9e68147d21487d0f450bcc41ccd663b1,Player2,WeaponAimed,33.05396,,,,,,,,,,,,,,,,,
2/12/2024 15:17:53,NULL,EndTorqueApplied,3f6c184dce168295b566a21f4ffcd20b,Player2,EndTorqueApplied,,26.94604,1.571853,,,,,,,,,,,,,,,
2/12/2024 15:17:53,NULL,WeaponAimed,9e68147d21487d0f450bcc41ccd663b1,Player2,WeaponAimed,60,,,,,,,,,,,,,,,,,
2/12/2024 15:17:53,NULL,EndTorqueApplied,3f6c184dce168295b566a21f4ffcd20b,Player2,EndTorqueApplied,,0,0,,,,,,,,,,,,,,,
2/12/2024 15:17:53,NULL,WeaponAimed,9e68147d21487d0f450bcc41ccd663b1,Player2,WeaponAimed,39.20933,,,,,,,,,,,,,,,,,
2/12/2024 15:17:53,NULL,EndTorqueApplied,3f6c184dce168295b566a21f4ffcd20b,Player2,EndTorqueApplied,,20.79067,1.212789,,,,,,,,,,,,,,,
2/12/2024 15:17:54,NULL,WeaponAimed,bb3500713aa97c4b868eabedaf3273aa,Player2,WeaponAimed,60,,,,,,,,,,,,,,,,,
2/12/2024 15:17:54,NULL,EndTorqueApplied,399a2f632464138812d75e6d8aff9fb5,Player2,EndTorqueApplied,,0,0,,,,,,,,,,,,,,,
2/12/2024 15:17:54,NULL,WeaponAimed,bb3500713aa97c4b868eabedaf3273aa,Player2,WeaponAimed,27.92631,,,,,,,,,,,,,,,,,
2/12/2024 15:17:54,NULL,EndTorqueApplied,399a2f632464138812d75e6d8aff9fb5,Player2,EndTorqueApplied,,32.07369,1.870965,,,,,,,,,,,,,,,
2/12/2024 15:17:54,NULL,WeaponAimed,bb3500713aa97c4b868eabedaf3273aa,Player2,WeaponAimed,60,,,,,,,,,,,,,,,,,
2/12/2024 15:17:54,NULL,EndTorqueApplied,399a2f632464138812d75e6d8aff9fb5,Player2,EndTorqueApplied,,0,0,,,,,,,,,,,,,,,
2/12/2024 15:17:54,NULL,WeaponAimed,bb3500713aa97c4b868eabedaf3273aa,Player2,WeaponAimed,24.74501,,,,,,,,,,,,,,,,,
2/12/2024 15:17:54,NULL,EndTorqueApplied,399a2f632464138812d75e6d8aff9fb5,Player2,EndTorqueApplied,,35.25499,2.056541,,,,,,,,,,,,,,,
2/12/2024 15:17:54,NULL,WeaponAimed,bb3500713aa97c4b868eabedaf3273aa,Player1,WeaponAimed,-0.8930742,,,,,,,,,,,,,,,,,
2/12/2024 15:17:54,NULL,WeaponAimed,bb3500713aa97c4b868eabedaf3273aa,Player2,WeaponAimed,60,,,,,,,,,,,,,,,,,
2/12/2024 15:17:54,NULL,EndTorqueApplied,399a2f632464138812d75e6d8aff9fb5,Player2,EndTorqueApplied,,0,0,,,,,,,,,,,,,,,
2/12/2024 15:17:55,NULL,WeaponAimed,c591038bb4fae49ef94125f4805ec21b,Player2,WeaponAimed,28.00406,,,,,,,,,,,,,,,,,
2/12/2024 15:17:55,NULL,WeaponAimed,c591038bb4fae49ef94125f4805ec21b,Player1,WeaponAimed,15.14625,,,,,,,,,,,,,,,,,
2/12/2024 15:17:55,NULL,EndTorqueApplied,b6aa7ace430ed911d39a59a6af2a4592,Player2,EndTorqueApplied,,31.99594,1.86643,,,,,,,,,,,,,,,
2/12/2024 15:17:55,NULL,WeaponAimed,c591038bb4fae49ef94125f4805ec21b,Player2,WeaponAimed,60,,,,,,,,,,,,,,,,,
2/12/2024 15:17:55,NULL,EndTorqueApplied,b6aa7ace430ed911d39a59a6af2a4592,Player2,EndTorqueApplied,,0,0,,,,,,,,,,,,,,,
2/12/2024 15:17:55,NULL,WeaponAimed,c591038bb4fae49ef94125f4805ec21b,Player2,WeaponAimed,27.80186,,,,,,,,,,,,,,,,,
2/12/2024 15:17:55,NULL,EndTorqueApplied,b6aa7ace430ed911d39a59a6af2a4592,Player2,EndTorqueApplied,,32.19814,1.878225,,,,,,,,,,,,,,,
2/12/2024 15:17:55,NULL,WeaponAimed,c591038bb4fae49ef94125f4805ec21b,Player2,WeaponAimed,60,,,,,,,,,,,,,,,,,
2/12/2024 15:17:55,NULL,EndTorqueApplied,b6aa7ace430ed911d39a59a6af2a4592,Player2,EndTorqueApplied,,0,0,,,,,,,,,,,,,,,
2/12/2024 15:17:56,NULL,WeaponAimed,8f9556bb08c0d89c8cfaf56cb8d27190,Player2,WeaponAimed,-55.17471,,,,,,,,,,,,,,,,,
2/12/2024 15:17:57,NULL,EndTorqueApplied,ae0204b3c7550aa1b605ec18757cda8c,Player2,EndTorqueApplied,,115.1747,6.718524,,,,,,,,,,,,,,,
2/12/2024 15:17:57,NULL,Player1Shot,ecd7512732913a0270a892582c905ad7,Player1,Player1Shot,,,,(-3.56, 0.01, 0.00),(0.00, 180.00, 359.32),,,,,,,,,,,,,
2/12/2024 15:17:58,NULL,Player2Shot,56cd16486a6544f9f717a0c42ed809d6,Player2,Player2Shot,,,,(2.40, -0.08, 0.00),(0.00, 0.00, 186.72),,,,,,,,,,,,,
2/12/2024 15:17:58,NULL,RoundComplete,b33e03cad5d94505f00ec52db5168463,,,,,,,,2.212299,2,1,1,0,508.3343,3.642411,6.718524,50.37941,50.37941,1,1,
2/12/2024 15:18:00,NULL,RoundEnded,446249251c86effa71b010a07d7099f6,,,,,,,,,,,,,,,,,,,,11.21951
2/12/2024 15:18:01,NULL,WeaponAimed,ef20dc961c10d467c48c28058eb3b4f4,Player2,WeaponAimed,60,,,,,,,,,,,,,,,,,
2/12/2024 15:18:01,NULL,WeaponAimed,ef20dc961c10d467c48c28058eb3b4f4,Player2,WeaponAimed,26.42366,,,,,,,,,,,,,,,,,
2/12/2024 15:18:01,NULL,EndTorqueApplied,d861223126c07546d79b380db5e3712a,Player2,EndTorqueApplied,,33.57634,1.95862,,,,,,,,,,,,,,,
2/12/2024 15:18:01,NULL,WeaponAimed,ef20dc961c10d467c48c28058eb3b4f4,Player2,WeaponAimed,60,,,,,,,,,,,,,,,,,
2/12/2024 15:18:01,NULL,EndTorqueApplied,d861223126c07546d79b380db5e3712a,Player2,EndTorqueApplied,,0,0,,,,,,,,,,,,,,,
2/12/2024 15:18:02,NULL,WeaponAimed,0f8d5a2363ab3fd54189a50a85be72bb,Player2,WeaponAimed,31.10211,,,,,,,,,,,,,,,,,
2/12/2024 15:18:02,NULL,EndTorqueApplied,54004663abcbec373b14acbbf51cf307,Player2,EndTorqueApplied,,28.89789,1.68571,,,,,,,,,,,,,,,
2/12/2024 15:18:02,NULL,WeaponAimed,0f8d5a2363ab3fd54189a50a85be72bb,Player2,WeaponAimed,60,,,,,,,,,,,,,,,,,
2/12/2024 15:18:02,NULL,EndTorqueApplied,54004663abcbec373b14acbbf51cf307,Player2,EndTorqueApplied,,0,0,,,,,,,,,,,,,,,
2/12/2024 15:18:02,NULL,WeaponAimed,0f8d5a2363ab3fd54189a50a85be72bb,Player2,WeaponAimed,39.31183,,,,,,,,,,,,,,,,,
2/12/2024 15:18:02,NULL,EndTorqueApplied,54004663abcbec373b14acbbf51cf307,Player2,EndTorqueApplied,,20.68817,1.20681,,,,,,,,,,,,,,,
2/12/2024 15:18:02,NULL,WeaponAimed,0f8d5a2363ab3fd54189a50a85be72bb,Player2,WeaponAimed,60,,,,,,,,,,,,,,,,,
2/12/2024 15:18:02,NULL,EndTorqueApplied,54004663abcbec373b14acbbf51cf307,Player2,EndTorqueApplied,,0,0,,,,,,,,,,,,,,,
2/12/2024 15:18:02,NULL,WeaponAimed,0f8d5a2363ab3fd54189a50a85be72bb,Player2,WeaponAimed,40.83168,,,,,,,,,,,,,,,,,
2/12/2024 15:18:02,NULL,EndTorqueApplied,54004663abcbec373b14acbbf51cf307,Player2,EndTorqueApplied,,19.16832,1.118152,,,,,,,,,,,,,,,
2/12/2024 15:18:02,NULL,WeaponAimed,0f8d5a2363ab3fd54189a50a85be72bb,Player2,WeaponAimed,60,,,,,,,,,,,,,,,,,
2/12/2024 15:18:02,NULL,EndTorqueApplied,54004663abcbec373b14acbbf51cf307,Player2,EndTorqueApplied,,0,0,,,,,,,,,,,,,,,
2/12/2024 15:18:03,NULL,WeaponAimed,2fb9b42159bc5b7130190ae30b3744f9,Player2,WeaponAimed,40.78394,,,,,,,,,,,,,,,,,
2/12/2024 15:18:03,NULL,EndTorqueApplied,b11bfdfeb40c525f445a5637b0a7252e,Player2,EndTorqueApplied,,19.21606,1.120937,,,,,,,,,,,,,,,
2/12/2024 15:18:03,NULL,WeaponAimed,2fb9b42159bc5b7130190ae30b3744f9,Player2,WeaponAimed,60,,,,,,,,,,,,,,,,,
2/12/2024 15:18:03,NULL,EndTorqueApplied,b11bfdfeb40c525f445a5637b0a7252e,Player2,EndTorqueApplied,,0,0,,,,,,,,,,,,,,,
2/12/2024 15:18:03,NULL,WeaponAimed,2fb9b42159bc5b7130190ae30b3744f9,Player2,WeaponAimed,39.01286,,,,,,,,,,,,,,,,,
2/12/2024 15:18:03,NULL,WeaponAimed,2fb9b42159bc5b7130190ae30b3744f9,Player2,WeaponAimed,56.7052,,,,,,,,,,,,,,,,,
2/12/2024 15:18:03,NULL,WeaponAimed,2fb9b42159bc5b7130190ae30b3744f9,Player2,WeaponAimed,37.24543,,,,,,,,,,,,,,,,,
2/12/2024 15:18:03,NULL,WeaponAimed,2fb9b42159bc5b7130190ae30b3744f9,Player2,WeaponAimed,51.62177,,,,,,,,,,,,,,,,,
2/12/2024 15:18:03,NULL,WeaponAimed,2fb9b42159bc5b7130190ae30b3744f9,Player2,WeaponAimed,32.43001,,,,,,,,,,,,,,,,,
2/12/2024 15:18:03,NULL,WeaponAimed,2fb9b42159bc5b7130190ae30b3744f9,Player2,WeaponAimed,47.05373,,,,,,,,,,,,,,,,,
2/12/2024 15:18:03,NULL,WeaponAimed,2fb9b42159bc5b7130190ae30b3744f9,Player2,WeaponAimed,32.56216,,,,,,,,,,,,,,,,,
2/12/2024 15:18:04,NULL,WeaponAimed,c80fa1e36ac4946ad9b8a608e1f8ffa5,Player2,WeaponAimed,43.6799,,,,,,,,,,,,,,,,,
2/12/2024 15:18:04,NULL,WeaponAimed,c80fa1e36ac4946ad9b8a608e1f8ffa5,Player2,WeaponAimed,27.6076,,,,,,,,,,,,,,,,,
2/12/2024 15:18:04,NULL,WeaponAimed,c80fa1e36ac4946ad9b8a608e1f8ffa5,Player2,WeaponAimed,43.77423,,,,,,,,,,,,,,,,,
2/12/2024 15:18:04,NULL,WeaponAimed,c80fa1e36ac4946ad9b8a608e1f8ffa5,Player2,WeaponAimed,26.47008,,,,,,,,,,,,,,,,,
2/12/2024 15:18:04,NULL,WeaponAimed,c80fa1e36ac4946ad9b8a608e1f8ffa5,Player2,WeaponAimed,45.75147,,,,,,,,,,,,,,,,,
2/12/2024 15:18:04,NULL,WeaponAimed,c80fa1e36ac4946ad9b8a608e1f8ffa5,Player2,WeaponAimed,-45.5464,,,,,,,,,,,,,,,,,
2/12/2024 15:18:05,NULL,EndTorqueApplied,ebc277488e12e8971846f8a9bd23e8e0,Player2,EndTorqueApplied,,105.5464,6.156873,,,,,,,,,,,,,,,
2/12/2024 15:18:05,NULL,WeaponAimed,f454288b2f3a07f75e08bc5f12086180,Player1,WeaponAimed,0.6733845,,,,,,,,,,,,,,,,,
2/12/2024 15:18:05,NULL,WeaponAimed,f454288b2f3a07f75e08bc5f12086180,Player2,WeaponAimed,60,,,,,,,,,,,,,,,,,
2/12/2024 15:18:05,NULL,WeaponAimed,f454288b2f3a07f75e08bc5f12086180,Player2,WeaponAimed,26.17633,,,,,,,,,,,,,,,,,
2/12/2024 15:18:06,NULL,EndTorqueApplied,efdec2bafaf861e848deb6ed97879a61,Player2,EndTorqueApplied,,33.82367,1.973047,,,,,,,,,,,,,,,
2/12/2024 15:18:06,NULL,WeaponAimed,279d41947a9c0fc6117e8ffc22eb53c2,Player2,WeaponAimed,60,,,,,,,,,,,,,,,,,
2/12/2024 15:18:06,NULL,EndTorqueApplied,efdec2bafaf861e848deb6ed97879a61,Player2,EndTorqueApplied,,0,0,,,,,,,,,,,,,,,
2/12/2024 15:18:06,NULL,WeaponAimed,279d41947a9c0fc6117e8ffc22eb53c2,Player2,WeaponAimed,21.00252,,,,,,,,,,,,,,,,,
2/12/2024 15:18:06,NULL,EndTorqueApplied,efdec2bafaf861e848deb6ed97879a61,Player2,EndTorqueApplied,,38.99748,2.274853,,,,,,,,,,,,,,,
2/12/2024 15:18:06,NULL,WeaponAimed,279d41947a9c0fc6117e8ffc22eb53c2,Player2,WeaponAimed,60,,,,,,,,,,,,,,,,,
2/12/2024 15:18:06,NULL,EndTorqueApplied,efdec2bafaf861e848deb6ed97879a61,Player2,EndTorqueApplied,,0,0,,,,,,,,,,,,,,,
2/12/2024 15:18:07,NULL,WeaponAimed,fe5010b11fad05ce020280151febbe6a,Player2,WeaponAimed,32.59625,,,,,,,,,,,,,,,,,
2/12/2024 15:18:07,NULL,EndTorqueApplied,0e4f6a13a1124961b3a82e37a6b9b896,Player2,EndTorqueApplied,,27.40375,1.598552,,,,,,,,,,,,,,,
2/12/2024 15:18:07,NULL,WeaponAimed,fe5010b11fad05ce020280151febbe6a,Player2,WeaponAimed,60,,,,,,,,,,,,,,,,,
2/12/2024 15:18:07,NULL,EndTorqueApplied,0e4f6a13a1124961b3a82e37a6b9b896,Player2,EndTorqueApplied,,0,0,,,,,,,,,,,,,,,
2/12/2024 15:18:07,NULL,WeaponAimed,fe5010b11fad05ce020280151febbe6a,Player2,WeaponAimed,5.5764,,,,,,,,,,,,,,,,,
2/12/2024 15:18:08,NULL,EndTorqueApplied,290083c5653a9399d7892e3da0ad29c4,Player2,EndTorqueApplied,,54.4236,3.17471,,,,,,,,,,,,,,,
2/12/2024 15:18:08,NULL,WeaponAimed,fb28723ae76005b2e7bd304b1443a21f,Player2,WeaponAimed,60,,,,,,,,,,,,,,,,,
2/12/2024 15:18:08,NULL,EndTorqueApplied,290083c5653a9399d7892e3da0ad29c4,Player2,EndTorqueApplied,,0,0,,,,,,,,,,,,,,,
2/12/2024 15:18:08,NULL,WeaponAimed,fb28723ae76005b2e7bd304b1443a21f,Player2,WeaponAimed,27.95399,,,,,,,,,,,,,,,,,
2/12/2024 15:18:08,NULL,Player1Shot,66a1a91ff74851384df4413b978b4265,Player1,Player1Shot,,,,(-3.47, -0.27, 0.00),(0.00, 180.00, 327.11),,,,,,,,,,,,,
2/12/2024 15:18:08,NULL,EndTorqueApplied,290083c5653a9399d7892e3da0ad29c4,Player2,EndTorqueApplied,,32.04601,1.86935,,,,,,,,,,,,,,,
2/12/2024 15:18:09,NULL,Player2Shot,6a2f71a6ca814a0caa0eb60c06fed6f3,Player2,Player2Shot,,,,(2.72, 0.52, 0.00),(0.00, 0.00, 117.55),,,,,,,,,,,,,
2/12/2024 15:18:11,NULL,Player1Shot,9dcd68b8c55f1986388a5074706d4f9e,Player1,Player1Shot,,,,(2.82, 2.95, 0.00),(0.00, 180.00, 244.33),,,,,,,,,,,,,
2/12/2024 15:18:12,NULL,Player1Shot,9c4d444d7d2fd9525688a4d72730d3e8,Player1,Player1Shot,,,,(4.68, 3.57, 0.00),(0.00, 180.00, 168.99),,,,,,,,,,,,,
2/12/2024 15:18:13,NULL,WeaponAimed,6f3105feb949edd4e38ed64a99c89a7f,Player1,WeaponAimed,32.88998,,,,,,,,,,,,,,,,,
2/12/2024 15:18:13,NULL,EndTorqueApplied,dba17974dae87f9f093f6ece5a943907,Player1,EndTorqueApplied,,27.11002,1.581418,,,,,,,,,,,,,,,
2/12/2024 15:18:13,NULL,WeaponAimed,6f3105feb949edd4e38ed64a99c89a7f,Player1,WeaponAimed,60,,,,,,,,,,,,,,,,,
2/12/2024 15:18:14,NULL,WeaponAimed,4063173927ed8d148d28e19b455deeb9,Player1,WeaponAimed,-18.47465,,,,,,,,,,,,,,,,,
2/12/2024 15:18:14,NULL,EndTorqueApplied,11d19a91754346d8d7af59ae1afd947e,Player1,EndTorqueApplied,,78.47465,4.577688,,,,,,,,,,,,,,,
2/12/2024 15:18:14,NULL,Player2Shot,26ddddaa3990d49baf4192ba4e9109f7,Player2,Player2Shot,,,,(7.40, -2.25, 0.00),(0.00, 0.00, 179.49),,,,,,,,,,,,,
2/12/2024 15:18:15,NULL,Player1Shot,05c403459baabc122775f0ea739ce524,Player1,Player1Shot,,,,(0.41, -1.06, 0.00),(0.00, 180.00, 98.74),,,,,,,,,,,,,
2/12/2024 15:18:15,NULL,Player2Shot,996242704ff17d8aa94a09bebbb9a156,Player2,Player2Shot,,,,(8.17, -1.63, 0.00),(0.00, 0.00, 333.97),,,,,,,,,,,,,
2/12/2024 15:18:16,NULL,WeaponAimed,c9722b37c61a194e2c5d643e4b725fe0,Player2,WeaponAimed,60,,,,,,,,,,,,,,,,,
2/12/2024 15:18:16,NULL,WeaponAimed,c9722b37c61a194e2c5d643e4b725fe0,Player1,WeaponAimed,60,,,,,,,,,,,,,,,,,
2/12/2024 15:18:17,NULL,EndTorqueApplied,d11bfc993f007996f20e00448087e02d,Player2,EndTorqueApplied,,120,7,,,,,,,,,,,,,,,
2/12/2024 15:18:17,NULL,WeaponAimed,d6d661e93b80550bbeea8fe737d67593,Player2,WeaponAimed,-60,,,,,,,,,,,,,,,,,
2/12/2024 15:18:17,NULL,Player1Shot,f8ee6828cb07f3b4751efecbeb0db029,Player1,Player1Shot,,,,(-4.72, -1.59, 0.00),(0.00, 180.00, 38.06),,,,,,,,,,,,,
2/12/2024 15:18:18,NULL,EndTorqueApplied,2a254def7481769fe49464bcb8a41305,Player2,EndTorqueApplied,,120,7,,,,,,,,,,,,,,,
2/12/2024 15:18:18,NULL,WeaponAimed,9220491025f530f7d5e3b4bc0adb1f41,Player1,WeaponAimed,26.31706,,,,,,,,,,,,,,,,,
2/12/2024 15:18:18,NULL,EndTorqueApplied,2a254def7481769fe49464bcb8a41305,Player1,EndTorqueApplied,,33.68295,1.964839,,,,,,,,,,,,,,,
2/12/2024 15:18:19,NULL,WeaponAimed,e8aa11631d9fff264016680e91927c24,Player2,WeaponAimed,60,,,,,,,,,,,,,,,,,
2/12/2024 15:18:19,NULL,WeaponAimed,e8aa11631d9fff264016680e91927c24,Player2,WeaponAimed,23.25435,,,,,,,,,,,,,,,,,
2/12/2024 15:18:19,NULL,EndTorqueApplied,0e829c7cc2f363ca2906089311f181b1,Player2,EndTorqueApplied,,36.74564,2.143496,,,,,,,,,,,,,,,
2/12/2024 15:18:20,NULL,WeaponAimed,3c9a1c68b6a02f73a703b9dfb423167c,Player1,WeaponAimed,60,,,,,,,,,,,,,,,,,
2/12/2024 15:18:20,NULL,EndTorqueApplied,8e94cc9eef33578af4b3a6d640e73fd1,Player1,EndTorqueApplied,,0,0,,,,,,,,,,,,,,,
2/12/2024 15:18:20,NULL,WeaponAimed,3c9a1c68b6a02f73a703b9dfb423167c,Player1,WeaponAimed,60,,,,,,,,,,,,,,,,,
2/12/2024 15:18:20,NULL,WeaponAimed,3c9a1c68b6a02f73a703b9dfb423167c,Player1,WeaponAimed,10.20817,,,,,,,,,,,,,,,,,
2/12/2024 15:18:21,NULL,EndTorqueApplied,dcb9348cce2254653842c2f2b4e3d4c9,Player1,EndTorqueApplied,,49.79183,2.904523,,,,,,,,,,,,,,,
2/12/2024 15:18:22,NULL,Player2Shot,9f6dbc3ca160e958c912b382d764e515,Player2,Player2Shot,,,,(-6.42, 2.18, 0.00),(0.00, 0.00, 318.10),,,,,,,,,,,,,
2/12/2024 15:18:22,NULL,Player1Shot,d5d1068ccdedc703ecd150e9169d26cd,Player1,Player1Shot,,,,(-3.78, -0.54, 0.00),(0.00, 180.00, 58.58),,,,,,,,,,,,,
2/12/2024 15:18:23,NULL,WeaponAimed,0fb07675021aa1bda4c90ba284dd8720,Player2,WeaponAimed,60,,,,,,,,,,,,,,,,,
2/12/2024 15:18:23,NULL,WeaponAimed,0fb07675021aa1bda4c90ba284dd8720,Player1,WeaponAimed,60,,,,,,,,,,,,,,,,,
2/12/2024 15:18:23,NULL,Player2Shot,dc17cd1d7a8b05b1a71926a6d2a49bd7,Player2,Player2Shot,,,,(-8.56, 4.08, 0.00),(0.00, 0.00, 186.78),,,,,,,,,,,,,
2/12/2024 15:18:24,NULL,EndTorqueApplied,a3ca3226632aeb0015f401fe56155fe6,Player1,EndTorqueApplied,,120,7,,,,,,,,,,,,,,,
2/12/2024 15:18:24,NULL,Player1Shot,6ee60d79f00f7e54cbd5526d60f2a888,Player1,Player1Shot,,,,(0.52, -4.81, 0.00),(0.00, 180.00, 201.91),,,,,,,,,,,,,
2/12/2024 15:18:25,NULL,Player2Shot,415bcda7005723467661c8cfbecfa584,Player2,Player2Shot,,,,(-5.38, 5.13, 0.00),(0.00, 0.00, 24.41),,,,,,,,,,,,,
2/12/2024 15:18:25,NULL,WeaponAimed,2070c0802635fb890f3241872f106792,Player1,WeaponAimed,-60,,,,,,,,,,,,,,,,,
2/12/2024 15:18:26,NULL,Player1Shot,057e897ba3834639543774bab4e599b9,Player1,Player1Shot,,,,(-2.00, -1.66, 0.00),(0.00, 180.00, 33.71),,,,,,,,,,,,,
2/12/2024 15:18:26,NULL,Player2Shot,ad963aae2f158d8589e78e433c5aed2e,Player2,Player2Shot,,,,(-6.85, 3.47, 0.00),(0.00, 0.00, 155.20),,,,,,,,,,,,,
2/12/2024 15:18:27,NULL,Player1Shot,89b54a0468f714b95985723353e8f002,Player1,Player1Shot,,,,(-0.64, -1.34, 0.00),(0.00, 180.00, 30.26),,,,,,,,,,,,,
2/12/2024 15:18:28,NULL,WeaponAimed,3293b6c8b77d685c534da10260587561,Player1,WeaponAimed,-21.91184,,,,,,,,,,,,,,,,,
2/12/2024 15:18:28,NULL,Player2Shot,9a05f70e071bc304542cb9aa1fb5a8ce,Player2,Player2Shot,,,,(-1.03, -3.14, 0.00),(0.00, 0.00, 10.96),,,,,,,,,,,,,
2/12/2024 15:18:28,NULL,WeaponAimed,3293b6c8b77d685c534da10260587561,Player1,WeaponAimed,24.37884,,,,,,,,,,,,,,,,,
2/12/2024 15:18:28,NULL,Player1Shot,89225518f2ab4614404449d0e269b14c,Player1,Player1Shot,,,,(4.91, -3.07, 0.00),(0.00, 180.00, 2.34),,,,,,,,,,,,,
2/12/2024 15:18:28,NULL,EndTorqueApplied,3e571e13b50aa7899d7490ce73e89b34,Player1,EndTorqueApplied,,35.62116,2.077901,,,,,,,,,,,,,,,
2/12/2024 15:18:29,NULL,Player2Shot,27f4ec0c9dc8821aca65ac09aa6cdd28,Player2,Player2Shot,,,,(-1.95, -4.88, 0.00),(0.00, 0.00, 297.29),,,,,,,,,,,,,
2/12/2024 15:18:30,NULL,WeaponAimed,c27f7c88def830ff9fe7425ba299c472,Player1,WeaponAimed,60,,,,,,,,,,,,,,,,,
2/12/2024 15:18:30,NULL,WeaponAimed,c27f7c88def830ff9fe7425ba299c472,Player2,WeaponAimed,-16.63298,,,,,,,,,,,,,,,,,
2/12/2024 15:18:30,NULL,EndTorqueApplied,2aa425ed206fb1bb8c652cfa6c2a27eb,Player2,EndTorqueApplied,,43.36702,2.529742,,,,,,,,,,,,,,,
2/12/2024 15:18:31,NULL,WeaponAimed,d3597f12bc90b1f9b041a4989ebe555f,Player2,WeaponAimed,-60,,,,,,,,,,,,,,,,,
2/12/2024 15:18:31,NULL,WeaponAimed,d3597f12bc90b1f9b041a4989ebe555f,Player2,WeaponAimed,-18.15581,,,,,,,,,,,,,,,,,
2/12/2024 15:18:31,NULL,EndTorqueApplied,c932570cd69e161251b9a312995d71f9,Player2,EndTorqueApplied,,41.84419,2.440911,,,,,,,,,,,,,,,
2/12/2024 15:18:31,NULL,Player2Shot,46154875307c54baa96999cb2d6a09c3,Player2,Player2Shot,,,,(-5.57, 2.71, 0.00),(0.00, 0.00, 77.14),,,,,,,,,,,,,
2/12/2024 15:18:32,NULL,Player1Shot,4bd6a097786cfe86c90187e05e0e1780,Player1,Player1Shot,,,,(1.64, -3.76, 0.00),(0.00, 180.00, 53.06),,,,,,,,,,,,,
2/12/2024 15:18:33,NULL,WeaponAimed,934236a328f43c8b7c64634a2c61c139,Player1,WeaponAimed,13.82036,,,,,,,,,,,,,,,,,
2/12/2024 15:18:33,NULL,Player2Shot,ba7a7d651b6876e6fda818c58132e150,Player2,Player2Shot,,,,(-8.34, 3.10, 0.00),(0.00, 0.00, 237.34),,,,,,,,,,,,,
2/12/2024 15:18:33,NULL,EndTorqueApplied,ecae25c5688c22c122b08951ec67aa22,Player1,EndTorqueApplied,,73.82036,4.306188,,,,,,,,,,,,,,,
2/12/2024 15:18:33,NULL,WeaponAimed,934236a328f43c8b7c64634a2c61c139,Player2,WeaponAimed,-60,,,,,,,,,,,,,,,,,
2/12/2024 15:18:33,NULL,EndTorqueApplied,ecae25c5688c22c122b08951ec67aa22,Player2,EndTorqueApplied,,0,0,,,,,,,,,,,,,,,
2/12/2024 15:18:34,NULL,WeaponAimed,d8f227c9bf94d76319802a9c4bab45ea,Player2,WeaponAimed,-60,,,,,,,,,,,,,,,,,
2/12/2024 15:18:34,NULL,EndTorqueApplied,6f5ed15e1ae01efd00d4d5308809c37f,Player2,EndTorqueApplied,,120,7,,,,,,,,,,,,,,,
2/12/2024 15:18:34,NULL,WeaponAimed,d8f227c9bf94d76319802a9c4bab45ea,Player2,WeaponAimed,60,,,,,,,,,,,,,,,,,
2/12/2024 15:18:34,NULL,EndTorqueApplied,6f5ed15e1ae01efd00d4d5308809c37f,Player2,EndTorqueApplied,,0,0,,,,,,,,,,,,,,,
2/12/2024 15:18:35,NULL,WeaponAimed,9b052370eb36850a5f551232b28761ba,Player1,WeaponAimed,-60,,,,,,,,,,,,,,,,,
2/12/2024 15:18:35,NULL,EndTorqueApplied,22302160abb10f2244d9079e05f0c26f,Player1,EndTorqueApplied,,0,0,,,,,,,,,,,,,,,
2/12/2024 15:18:36,NULL,WeaponAimed,3c116f0a3f7169e9a948da970e8794fa,Player2,WeaponAimed,-60,,,,,,,,,,,,,,,,,
2/12/2024 15:18:36,NULL,WeaponAimed,3c116f0a3f7169e9a948da970e8794fa,Player2,WeaponAimed,-28.30127,,,,,,,,,,,,,,,,,
2/12/2024 15:18:36,NULL,EndTorqueApplied,6863827a1b11b6b3dbf81eb574c005d7,Player2,EndTorqueApplied,,31.69873,1.849093,,,,,,,,,,,,,,,
2/12/2024 15:18:36,NULL,WeaponAimed,3c116f0a3f7169e9a948da970e8794fa,Player2,WeaponAimed,-60,,,,,,,,,,,,,,,,,
2/12/2024 15:18:37,NULL,WeaponAimed,62a7d10bd162b6010ee58886219a3252,Player2,WeaponAimed,-5.585358,,,,,,,,,,,,,,,,,
2/12/2024 15:18:37,NULL,EndTorqueApplied,6a413454879dbe099109dc444a20896f,Player2,EndTorqueApplied,,54.41464,3.174187,,,,,,,,,,,,,,,
2/12/2024 15:18:37,NULL,WeaponAimed,62a7d10bd162b6010ee58886219a3252,Player2,WeaponAimed,-60,,,,,,,,,,,,,,,,,
2/12/2024 15:18:37,NULL,WeaponAimed,62a7d10bd162b6010ee58886219a3252,Player2,WeaponAimed,-18.10499,,,,,,,,,,,,,,,,,
2/12/2024 15:18:37,NULL,WeaponAimed,62a7d10bd162b6010ee58886219a3252,Player1,WeaponAimed,-60,,,,,,,,,,,,,,,,,
2/12/2024 15:18:38,NULL,EndTorqueApplied,0e37d5163b89e73bf56b5c580795e3fb,Player2,EndTorqueApplied,,41.895,2.443875,,,,,,,,,,,,,,,
2/12/2024 15:18:38,NULL,Player2Shot,e58628df286b1ed98c8ef237b58c7469,Player2,Player2Shot,,,,(3.37, -0.35, 0.00),(0.00, 0.00, 103.60),,,,,,,,,,,,,
2/12/2024 15:18:38,NULL,EndTorqueApplied,0e37d5163b89e73bf56b5c580795e3fb,Player1,EndTorqueApplied,,120,7,,,,,,,,,,,,,,,
2/12/2024 15:18:38,NULL,WeaponAimed,4a51ecd3880184d569e6e43e0baea0cc,Player2,WeaponAimed,-60,,,,,,,,,,,,,,,,,
2/12/2024 15:18:38,NULL,EndTorqueApplied,0e37d5163b89e73bf56b5c580795e3fb,Player2,EndTorqueApplied,,0,0,,,,,,,,,,,,,,,
2/12/2024 15:18:38,NULL,WeaponAimed,4a51ecd3880184d569e6e43e0baea0cc,Player2,WeaponAimed,-60,,,,,,,,,,,,,,,,,
2/12/2024 15:18:39,NULL,WeaponAimed,71382db200c116a8c0bb0e7ccfa91bdd,Player2,WeaponAimed,35.79942,,,,,,,,,,,,,,,,,
2/12/2024 15:18:40,NULL,EndTorqueApplied,4667726417d462a99751ef286113ead0,Player2,EndTorqueApplied,,95.79942,5.5883,,,,,,,,,,,,,,,
2/12/2024 15:18:40,NULL,WeaponAimed,9936326365ea44fa110fb37d55744b41,Player2,WeaponAimed,-60,,,,,,,,,,,,,,,,,
2/12/2024 15:18:40,NULL,EndTorqueApplied,4667726417d462a99751ef286113ead0,Player2,EndTorqueApplied,,120,7,,,,,,,,,,,,,,,
2/12/2024 15:18:41,NULL,WeaponAimed,78b94000df45612f15c531bec7d7c711,Player2,WeaponAimed,60,,,,,,,,,,,,,,,,,
2/12/2024 15:18:42,NULL,EndTorqueApplied,15c983b37cff7fa056df20b460f6f3c0,Player2,EndTorqueApplied,,120,7,,,,,,,,,,,,,,,
2/12/2024 15:18:42,NULL,WeaponAimed,96c74b7833cbbc3239826763d20d9bd3,Player2,WeaponAimed,-60,,,,,,,,,,,,,,,,,
2/12/2024 15:18:42,NULL,WeaponAimed,96c74b7833cbbc3239826763d20d9bd3,Player2,WeaponAimed,-23.24519,,,,,,,,,,,,,,,,,
2/12/2024 15:18:42,NULL,EndTorqueApplied,15c983b37cff7fa056df20b460f6f3c0,Player2,EndTorqueApplied,,36.75481,2.144031,,,,,,,,,,,,,,,
2/12/2024 15:18:43,NULL,WeaponAimed,cb1c58e5bf08155e22f55f163189a5c0,Player2,WeaponAimed,-60,,,,,,,,,,,,,,,,,
2/12/2024 15:18:44,NULL,Player2Shot,326b4d1725e3336787e3944460513beb,Player2,Player2Shot,,,,(3.99, 1.62, 0.00),(0.00, 0.00, 322.27),,,,,,,,,,,,,
2/12/2024 15:18:45,NULL,WeaponAimed,04fa37005fd73d00f197883cd1bd06e1,Player1,WeaponAimed,60,,,,,,,,,,,,,,,,,
2/12/2024 15:18:45,NULL,Player2Shot,2a7b25e03d6728b684936885481145e3,Player2,Player2Shot,,,,(-2.30, 3.69, 0.00),(0.00, 0.00, 219.50),,,,,,,,,,,,,
2/12/2024 15:18:46,NULL,Player1Shot,a4963d68607feffd02b01d78ce8248f7,Player1,Player1Shot,,,,(-7.79, 3.18, 0.00),(0.00, 180.00, 298.87),,,,,,,,,,,,,
2/12/2024 15:18:48,NULL,Player2Shot,1956cba77a2f3103337b91f02f88aad5,Player2,Player2Shot,,,,(-5.00, 4.39, 0.00),(0.00, 0.00, 271.31),,,,,,,,,,,,,
2/12/2024 15:18:48,NULL,Player1Shot,fb9e5d9c6b55263f858ff429587ce995,Player1,Player1Shot,,,,(-4.23, 3.47, 0.00),(0.00, 180.00, 69.95),,,,,,,,,,,,,
2/12/2024 15:18:49,NULL,Player2Shot,4cc9569d251998146a2428fa4e0cc196,Player2,Player2Shot,,,,(-5.85, 4.04, 0.00),(0.00, 0.00, 9.36),,,,,,,,,,,,,
2/12/2024 15:18:50,NULL,WeaponAimed,ecc233b0927015f5483a2414559a77af,Player2,WeaponAimed,-23.39336,,,,,,,,,,,,,,,,,
2/12/2024 15:18:50,NULL,Player1Shot,0abfee8b3502ddd4044aa0889cafd344,Player1,Player1Shot,,,,(-0.66, -2.92, 0.00),(0.00, 180.00, 357.66),,,,,,,,,,,,,
2/12/2024 15:18:50,NULL,WeaponAimed,ecc233b0927015f5483a2414559a77af,Player2,WeaponAimed,26.2188,,,,,,,,,,,,,,,,,
2/12/2024 15:18:51,NULL,EndTorqueApplied,653da13ccdbfbc6a77d9514a08490bbd,Player2,EndTorqueApplied,,86.2188,5.02943,,,,,,,,,,,,,,,
2/12/2024 15:18:51,NULL,WeaponAimed,2bd7a0b5acb610701cd8f24408a28d29,Player1,WeaponAimed,-48.86476,,,,,,,,,,,,,,,,,
2/12/2024 15:18:51,NULL,EndTorqueApplied,653da13ccdbfbc6a77d9514a08490bbd,Player1,EndTorqueApplied,,11.13524,0.6495558,,,,,,,,,,,,,,,
2/12/2024 15:18:52,NULL,Player2Shot,e91c4f0af5d197426144938aacdf6547,Player2,Player2Shot,,,,(-4.81, 0.13, 0.00),(0.00, 0.00, 338.99),,,,,,,,,,,,,
2/12/2024 15:18:53,NULL,WeaponAimed,255cfceb67c23d28d612a0e9dc3a6653,Player1,WeaponAimed,-60,,,,,,,,,,,,,,,,,
2/12/2024 15:18:53,NULL,EndTorqueApplied,4aa52f6e6bcb6b671916ac5303432ddf,Player1,EndTorqueApplied,,0,0,,,,,,,,,,,,,,,
2/12/2024 15:18:53,NULL,Player2Shot,d1c5429351041878fb9ad65b4e671501,Player2,Player2Shot,,,,(-7.00, -1.13, 0.00),(0.00, 0.00, 244.44),,,,,,,,,,,,,
2/12/2024 15:18:54,NULL,WeaponAimed,c26724af171f475b5c8452838ba6200e,Player1,WeaponAimed,-60,,,,,,,,,,,,,,,,,
2/12/2024 15:18:54,NULL,EndTorqueApplied,9332b0481916c8851f95ae42e372207c,Player1,EndTorqueApplied,,0,0,,,,,,,,,,,,,,,
2/12/2024 15:18:54,NULL,WeaponAimed,c26724af171f475b5c8452838ba6200e,Player2,WeaponAimed,-60,,,,,,,,,,,,,,,,,
2/12/2024 15:18:54,NULL,EndTorqueApplied,9332b0481916c8851f95ae42e372207c,Player2,EndTorqueApplied,,0,0,,,,,,,,,,,,,,,
2/12/2024 15:18:54,NULL,WeaponAimed,c26724af171f475b5c8452838ba6200e,Player2,WeaponAimed,-60,,,,,,,,,,,,,,,,,
2/12/2024 15:18:55,NULL,EndTorqueApplied,4775ec1255c4784147636ea22c882440,Player2,EndTorqueApplied,,120,7,,,,,,,,,,,,,,,
2/12/2024 15:18:55,NULL,WeaponAimed,d58b4738ee7818168a44b55292be7467,Player1,WeaponAimed,60,,,,,,,,,,,,,,,,,
2/12/2024 15:18:55,NULL,WeaponAimed,d58b4738ee7818168a44b55292be7467,Player2,WeaponAimed,60,,,,,,,,,,,,,,,,,
2/12/2024 15:18:55,NULL,EndTorqueApplied,4775ec1255c4784147636ea22c882440,Player2,EndTorqueApplied,,0,0,,,,,,,,,,,,,,,
2/12/2024 15:18:55,NULL,WeaponAimed,d58b4738ee7818168a44b55292be7467,Player1,WeaponAimed,16.86669,,,,,,,,,,,,,,,,,
2/12/2024 15:18:55,NULL,EndTorqueApplied,4775ec1255c4784147636ea22c882440,Player1,EndTorqueApplied,,43.13331,2.51611,,,,,,,,,,,,,,,
2/12/2024 15:18:56,NULL,Player2Shot,426a40be85da5b0b823cd8f2db4fc70c,Player2,Player2Shot,,,,(-6.38, 3.22, 0.00),(0.00, 0.00, 248.77),,,,,,,,,,,,,
2/12/2024 15:18:56,NULL,WeaponAimed,3142dac513bcb22c541d352f52c5e70b,Player1,WeaponAimed,60,,,,,,,,,,,,,,,,,
2/12/2024 15:18:56,NULL,WeaponAimed,3142dac513bcb22c541d352f52c5e70b,Player1,WeaponAimed,-0.7931672,,,,,,,,,,,,,,,,,
2/12/2024 15:18:57,NULL,EndTorqueApplied,e616c36d1d1aa46bdb15c701f6172849,Player1,EndTorqueApplied,,60.79317,3.546268,,,,,,,,,,,,,,,
2/12/2024 15:18:57,NULL,Player2Shot,2303b8b99af6349b8843eb8ae58ce6b3,Player2,Player2Shot,,,,(-4.82, 4.08, 0.00),(0.00, 0.00, 85.22),,,,,,,,,,,,,
2/12/2024 15:18:57,NULL,Player1Shot,ae29b3f3cf7f602e8fe273780ac1c687,Player1,Player1Shot,,,,(-4.03, 4.59, 0.00),(0.00, 180.00, 349.66),,,,,,,,,,,,,
2/12/2024 15:18:58,NULL,WeaponAimed,48b62aab055f43126f9357fbfcf7704d,Player1,WeaponAimed,60,,,,,,,,,,,,,,,,,
2/12/2024 15:18:59,NULL,WeaponAimed,eb86842f595d6f7efae680e9fec3b052,Player2,WeaponAimed,-60,,,,,,,,,,,,,,,,,
2/12/2024 15:18:59,NULL,WeaponAimed,eb86842f595d6f7efae680e9fec3b052,Player2,WeaponAimed,-21.77991,,,,,,,,,,,,,,,,,
2/12/2024 15:18:59,NULL,EndTorqueApplied,798554521c0e28a34ed9b0456567f131,Player2,EndTorqueApplied,,38.22009,2.229505,,,,,,,,,,,,,,,
2/12/2024 15:18:59,NULL,WeaponAimed,eb86842f595d6f7efae680e9fec3b052,Player2,WeaponAimed,-60,,,,,,,,,,,,,,,,,
2/12/2024 15:18:59,NULL,WeaponAimed,eb86842f595d6f7efae680e9fec3b052,Player2,WeaponAimed,-15.20872,,,,,,,,,,,,,,,,,
2/12/2024 15:18:59,NULL,WeaponAimed,eb86842f595d6f7efae680e9fec3b052,Player1,WeaponAimed,5.722472,,,,,,,,,,,,,,,,,
2/12/2024 15:19:00,NULL,EndTorqueApplied,98b6cc7c0f9884c9ae7245d6def56852,Player1,EndTorqueApplied,,54.27753,3.166189,,,,,,,,,,,,,,,
2/12/2024 15:19:00,NULL,EndTorqueApplied,98b6cc7c0f9884c9ae7245d6def56852,Player2,EndTorqueApplied,,44.79128,2.612825,,,,,,,,,,,,,,,
2/12/2024 15:19:00,NULL,WeaponAimed,4abe75a70eeb77bb27b334830769e3cd,Player2,WeaponAimed,-60,,,,,,,,,,,,,,,,,
2/12/2024 15:19:00,NULL,WeaponAimed,4abe75a70eeb77bb27b334830769e3cd,Player2,WeaponAimed,-13.45442,,,,,,,,,,,,,,,,,
2/12/2024 15:19:00,NULL,EndTorqueApplied,98b6cc7c0f9884c9ae7245d6def56852,Player2,EndTorqueApplied,,46.54558,2.715159,,,,,,,,,,,,,,,
2/12/2024 15:19:00,NULL,WeaponAimed,4abe75a70eeb77bb27b334830769e3cd,Player2,WeaponAimed,-60,,,,,,,,,,,,,,,,,
2/12/2024 15:19:00,NULL,WeaponAimed,4abe75a70eeb77bb27b334830769e3cd,Player1,WeaponAimed,60,,,,,,,,,,,,,,,,,
2/12/2024 15:19:01,NULL,WeaponAimed,100b334c5cbb99f45b5dea39a4d15779,Player2,WeaponAimed,-13.33513,,,,,,,,,,,,,,,,,
2/12/2024 15:19:01,NULL,EndTorqueApplied,a6c9e01bef94a86f063c922940bffc63,Player2,EndTorqueApplied,,46.66487,2.722117,,,,,,,,,,,,,,,
2/12/2024 15:19:01,NULL,WeaponAimed,100b334c5cbb99f45b5dea39a4d15779,Player2,WeaponAimed,-60,,,,,,,,,,,,,,,,,
2/12/2024 15:19:01,NULL,EndTorqueApplied,a6c9e01bef94a86f063c922940bffc63,Player1,EndTorqueApplied,,120,7,,,,,,,,,,,,,,,
2/12/2024 15:19:01,NULL,WeaponAimed,100b334c5cbb99f45b5dea39a4d15779,Player2,WeaponAimed,-13.55504,,,,,,,,,,,,,,,,,
2/12/2024 15:19:02,NULL,EndTorqueApplied,cc86143b3710979a77884de50f9138ea,Player2,EndTorqueApplied,,46.44497,2.70929,,,,,,,,,,,,,,,
2/12/2024 15:19:02,NULL,WeaponAimed,00a8a29c9eb23d498cf83a8942f9332e,Player2,WeaponAimed,-60,,,,,,,,,,,,,,,,,
2/12/2024 15:19:02,NULL,WeaponAimed,00a8a29c9eb23d498cf83a8942f9332e,Player2,WeaponAimed,-29.59246,,,,,,,,,,,,,,,,,
2/12/2024 15:19:02,NULL,EndTorqueApplied,cc86143b3710979a77884de50f9138ea,Player2,EndTorqueApplied,,30.40754,1.773773,,,,,,,,,,,,,,,
2/12/2024 15:19:02,NULL,Player1Shot,c3a15db02330e5325e8be44175042dcb,Player1,Player1Shot,,,,(-0.61, 1.10, 0.00),(0.00, 180.00, 247.10),,,,,,,,,,,,,
2/12/2024 15:19:02,NULL,RoundComplete,82387fd106d00184b0ad138173811db7,,,,,,,,54.97193,1,16,20,926.597,1799.494,48.29068,89.14979,498.6655,498.6655,0,0,
2/12/2024 15:19:04,NULL,RoundEnded,40468bbfa64ab8a604c441d64c51b2b3,,,,,,,,,,,,,,,,,,,,63.98007
